primary_label_id,auto_label_v2,n_tasks,n_occupations,salience_weighted_n,mean_importance,n_soft_assigned_noise,share_of_frozen_label
analyze_data_for_decisions,Analyze statistical data,25,7,12.5,4.0505,11,0.03026634382566586
analyze_data_for_decisions,Analyze investment risk,22,3,11.0,3.1750000000000003,0,0.026634382566585957
analyze_data_for_decisions,Improve animal production,18,5,9.0,3.8049999999999997,2,0.021791767554479417
analyze_data_for_decisions,Plan marketing campaigns,18,4,9.0,3.836,5,0.021791767554479417
analyze_data_for_decisions,Analyze economic trends,15,3,7.5,3.880666666666667,4,0.018159806295399514
analyze_data_for_decisions,Assess industrial impacts,15,1,7.5,3.55,0,0.018159806295399514
analyze_data_for_decisions,Conduct biological research,14,2,7.0,3.7564285714285717,0,0.01694915254237288
analyze_data_for_decisions,Deliver business intelligence,14,3,7.0,3.957857142857143,2,0.01694915254237288
analyze_data_for_decisions,Model water systems,14,2,7.0,3.7285714285714286,0,0.01694915254237288
analyze_data_for_decisions,Plan transportation systems,14,4,7.0,3.8530769230769235,4,0.01694915254237288
analyze_data_for_decisions,Administer compensation benefits,13,5,6.5,3.5938461538461537,0,0.015738498789346248
analyze_data_for_decisions,Coordinate logistics services,12,2,6.0,3.6016666666666666,0,0.014527845036319613
analyze_data_for_decisions,Manage financial operations,12,3,6.0,3.9166666666666665,0,0.014527845036319613
analyze_data_for_decisions,Analyze earth systems,11,2,5.5,3.6727272727272724,0,0.013317191283292978
analyze_data_for_decisions,Optimize chemical processes,11,6,5.5,3.878181818181818,3,0.013317191283292978
analyze_data_for_decisions,Study water resources,11,3,5.5,3.34,0,0.013317191283292978
analyze_data_for_decisions,Advance academic research,10,6,5.0,3.8729999999999998,6,0.012106537530266344
analyze_data_for_decisions,Improve energy efficiency,10,2,5.0,3.9560000000000004,0,0.012106537530266344
analyze_data_for_decisions,Manage construction projects,10,4,5.0,3.504,0,0.012106537530266344
analyze_data_for_decisions,Optimize manufacturing processes,10,4,5.0,3.604,0,0.012106537530266344
analyze_data_for_decisions,Procure farm products,10,3,5.0,3.5269999999999997,0,0.012106537530266344
analyze_data_for_decisions,Appraise property value,9,2,4.5,3.948888888888889,0,0.010895883777239709
analyze_data_for_decisions,Conduct scientific research,9,2,4.5,3.836666666666667,0,0.010895883777239709
analyze_data_for_decisions,Draft engineering plans,9,3,4.5,3.521111111111111,4,0.010895883777239709
analyze_data_for_decisions,Improve production methods,9,2,4.5,3.6,0,0.010895883777239709
analyze_data_for_decisions,Manage agricultural production,9,3,4.5,3.6271428571428572,2,0.010895883777239709
analyze_data_for_decisions,Process financial records,9,4,4.5,4.131111111111111,2,0.010895883777239709
analyze_data_for_decisions,Repair electromechanical systems,9,3,4.5,3.4642857142857144,0,0.010895883777239709
analyze_data_for_decisions,Supervise field crews,9,7,4.5,3.942857142857143,0,0.010895883777239709
analyze_data_for_decisions,Support network systems,9,4,4.5,3.6100000000000003,0,0.010895883777239709
analyze_data_for_decisions,Analyze laboratory samples,8,5,4.0,4.45875,1,0.009685230024213076
analyze_data_for_decisions,Build robotic systems,8,2,4.0,3.68125,5,0.009685230024213076
analyze_data_for_decisions,Coordinate production supply,8,3,4.0,3.652857142857143,0,0.009685230024213076
analyze_data_for_decisions,Design biomedical systems,8,2,4.0,3.5225,5,0.009685230024213076
analyze_data_for_decisions,Evaluate insurance claims,8,4,4.0,4.26375,0,0.009685230024213076
analyze_data_for_decisions,Improve soil systems,8,2,4.0,3.37875,0,0.009685230024213076
analyze_data_for_decisions,Investigate fraud,8,4,4.0,4.175,0,0.009685230024213076
analyze_data_for_decisions,Oversee engineering projects,8,3,4.0,3.6149999999999998,2,0.009685230024213076
analyze_data_for_decisions,Track logistics flow,8,1,4.0,3.8275,0,0.009685230024213076
analyze_data_for_decisions,Analyze organizational problems,7,4,3.5,3.654285714285714,0,0.00847457627118644
analyze_data_for_decisions,Analyze remote sensing data,7,2,3.5,3.8771428571428572,0,0.00847457627118644
analyze_data_for_decisions,Evaluate loan applications,7,2,3.5,4.093999999999999,2,0.00847457627118644
analyze_data_for_decisions,Manage funds,7,5,3.5,4.217142857142857,1,0.00847457627118644
analyze_data_for_decisions,Manage geospatial data,7,2,3.5,3.8716666666666666,0,0.00847457627118644
analyze_data_for_decisions,Support crop production,7,2,3.5,3.437142857142857,0,0.00847457627118644
analyze_data_for_decisions,Analyze bioinformatics data,6,2,3.0,3.6283333333333334,0,0.007263922518159807
analyze_data_for_decisions,Apply legal analysis,6,3,3.0,3.9716666666666662,0,0.007263922518159807
analyze_data_for_decisions,Assess credit risk,6,2,3.0,4.676666666666667,0,0.007263922518159807
analyze_data_for_decisions,Conduct survey research,6,4,3.0,4.251666666666666,1,0.007263922518159807
analyze_data_for_decisions,Create technical drawings,6,2,3.0,3.513333333333333,0,0.007263922518159807
analyze_data_for_decisions,Curate historical records,6,3,3.0,3.7449999999999997,0,0.007263922518159807
analyze_data_for_decisions,Direct organizational strategy,6,2,3.0,3.8666666666666667,0,0.007263922518159807
analyze_data_for_decisions,Investigate digital evidence,6,2,3.0,3.716666666666667,0,0.007263922518159807
analyze_data_for_decisions,Optimize search visibility,6,1,3.0,3.891666666666666,0,0.007263922518159807
analyze_data_for_decisions,Plan remediation projects,6,2,3.0,3.766666666666667,0,0.007263922518159807
analyze_data_for_decisions,Advance genetics research,5,2,2.5,4.066,0,0.006053268765133172
analyze_data_for_decisions,Broker real estate deals,5,3,2.5,3.94,3,0.006053268765133172
analyze_data_for_decisions,Control product quality,5,3,2.5,4.168,0,0.006053268765133172
analyze_data_for_decisions,Coordinate creative production,5,3,2.5,3.872,4,0.006053268765133172
analyze_data_for_decisions,Coordinate wellness programs,5,3,2.5,3.9599999999999995,0,0.006053268765133172
analyze_data_for_decisions,Create crafted designs,5,4,2.5,3.56,0,0.006053268765133172
analyze_data_for_decisions,Design computer systems,5,2,2.5,3.376,0,0.006053268765133172
analyze_data_for_decisions,Design electrical systems,5,2,2.5,3.436,0,0.006053268765133172
analyze_data_for_decisions,Design marine systems,5,2,2.5,3.566,0,0.006053268765133172
analyze_data_for_decisions,Design solar systems,5,3,2.5,3.896,0,0.006053268765133172
analyze_data_for_decisions,Diagnose skin conditions,5,2,2.5,4.15,4,0.006053268765133172
analyze_data_for_decisions,Inspect and investigate,5,4,2.5,4.04,0,0.006053268765133172
analyze_data_for_decisions,Perform dance routines,5,3,2.5,4.1,3,0.006053268765133172
analyze_data_for_decisions,Process online orders,5,1,2.5,3.95,0,0.006053268765133172
analyze_data_for_decisions,Produce news content,5,2,2.5,4.1259999999999994,0,0.006053268765133172
analyze_data_for_decisions,Test automotive systems,5,3,2.5,3.936,0,0.006053268765133172
analyze_data_for_decisions,Advance nanoscale research,4,2,2.0,3.4225,0,0.004842615012106538
analyze_data_for_decisions,Conduct surveying work,4,2,2.0,3.643333333333333,0,0.004842615012106538
analyze_data_for_decisions,Coordinate curriculum improvement,4,1,2.0,,0,0.004842615012106538
analyze_data_for_decisions,Coordinate emergency response,4,2,2.0,3.755,0,0.004842615012106538
analyze_data_for_decisions,Deliver creative therapy,4,2,2.0,3.79,0,0.004842615012106538
analyze_data_for_decisions,Deliver radiation treatment,4,3,2.0,4.466666666666666,0,0.004842615012106538
analyze_data_for_decisions,Develop photonic systems,4,2,2.0,3.5725,0,0.004842615012106538
analyze_data_for_decisions,Develop web applications,4,3,2.0,3.8166666666666664,0,0.004842615012106538
analyze_data_for_decisions,Establish property boundaries,4,2,2.0,4.18,1,0.004842615012106538
analyze_data_for_decisions,Manage biofuel operations,4,3,2.0,3.63,0,0.004842615012106538
analyze_data_for_decisions,Manage distribution operations,4,1,2.0,3.936666666666667,0,0.004842615012106538
analyze_data_for_decisions,Manage security operations,4,2,2.0,3.9625,0,0.004842615012106538
analyze_data_for_decisions,Manage sustainability initiatives,4,3,2.0,3.7625,0,0.004842615012106538
analyze_data_for_decisions,Operate flight systems,4,3,2.0,4.2775,0,0.004842615012106538
analyze_data_for_decisions,Operate nuclear systems,4,3,2.0,4.0725,0,0.004842615012106538
analyze_data_for_decisions,Organize document systems,4,3,2.0,3.6550000000000002,1,0.004842615012106538
analyze_data_for_decisions,Plan extraction operations,4,2,2.0,3.745,0,0.004842615012106538
analyze_data_for_decisions,Test material performance,4,2,2.0,4.012499999999999,0,0.004842615012106538
analyze_data_for_decisions,Trade securities,4,1,2.0,3.8766666666666665,0,0.004842615012106538
analyze_data_for_decisions,Administer databases,3,3,1.5,3.14,0,0.0036319612590799033
analyze_data_for_decisions,Administer education programs,3,2,1.5,3.81,0,0.0036319612590799033
analyze_data_for_decisions,Assess cardiovascular function,3,3,1.5,4.62,1,0.0036319612590799033
analyze_data_for_decisions,Craft precious items,3,2,1.5,4.32,0,0.0036319612590799033
analyze_data_for_decisions,Design micro systems,3,1,1.5,3.7866666666666666,0,0.0036319612590799033
analyze_data_for_decisions,Determine benefit eligibility,3,2,1.5,4.136666666666667,0,0.0036319612590799033
analyze_data_for_decisions,Develop building designs,3,2,1.5,3.793333333333333,0,0.0036319612590799033
analyze_data_for_decisions,Develop product designs,3,1,1.5,3.35,0,0.0036319612590799033
analyze_data_for_decisions,Engineer aerospace systems,3,3,1.5,3.9766666666666666,0,0.0036319612590799033
analyze_data_for_decisions,Install electrical wiring,3,3,1.5,3.64,1,0.0036319612590799033
analyze_data_for_decisions,Manage IT operations,3,2,1.5,3.813333333333333,0,0.0036319612590799033
analyze_data_for_decisions,Manage forest resources,3,1,1.5,3.1133333333333333,0,0.0036319612590799033
analyze_data_for_decisions,Manage health information,3,2,1.5,3.956666666666667,0,0.0036319612590799033
analyze_data_for_decisions,Manage workplace safety,3,2,1.5,3.7466666666666666,2,0.0036319612590799033
analyze_data_for_decisions,Monitor compliance,3,1,1.5,3.236666666666667,0,0.0036319612590799033
analyze_data_for_decisions,Provide nursing care,3,3,1.5,4.0200000000000005,0,0.0036319612590799033
analyze_data_for_decisions,Provide nutrition counseling,3,2,1.5,4.053333333333334,0,0.0036319612590799033
analyze_data_for_decisions,Sell technical products,3,1,1.5,3.4933333333333336,0,0.0036319612590799033
analyze_data_for_decisions,Adjudicate disputes,2,1,1.0,4.0649999999999995,0,0.002421307506053269
analyze_data_for_decisions,Arrange funeral services,2,1,1.0,3.555,0,0.002421307506053269
analyze_data_for_decisions,Assess speech disorders,2,2,1.0,3.015,0,0.002421307506053269
analyze_data_for_decisions,Coordinate social services,2,2,1.0,3.585,0,0.002421307506053269
analyze_data_for_decisions,Deliver classroom instruction,2,2,1.0,3.9450000000000003,1,0.002421307506053269
analyze_data_for_decisions,Develop training programs,2,2,1.0,4.215,1,0.002421307506053269
analyze_data_for_decisions,Edit written content,2,2,1.0,3.705,1,0.002421307506053269
analyze_data_for_decisions,Fabricate precision parts,2,1,1.0,3.995,0,0.002421307506053269
analyze_data_for_decisions,Install mechanical systems,2,2,1.0,4.21,2,0.002421307506053269
analyze_data_for_decisions,Maintain equipment,2,2,1.0,3.755,0,0.002421307506053269
analyze_data_for_decisions,Manage administrative operations,2,2,1.0,4.005,1,0.002421307506053269
analyze_data_for_decisions,Manage performer careers,2,2,1.0,3.505,0,0.002421307506053269
analyze_data_for_decisions,Manage projects,2,1,1.0,4.05,0,0.002421307506053269
analyze_data_for_decisions,Manage public relations,2,2,1.0,3.76,0,0.002421307506053269
analyze_data_for_decisions,Manage regulatory submissions,2,2,1.0,3.35,0,0.002421307506053269
analyze_data_for_decisions,Operate wind facilities,2,1,1.0,2.9850000000000003,0,0.002421307506053269
analyze_data_for_decisions,Process customs clearance,2,1,1.0,4.425,0,0.002421307506053269
analyze_data_for_decisions,Protect information systems,2,2,1.0,4.41,0,0.002421307506053269
analyze_data_for_decisions,Provide behavioral counseling,2,2,1.0,3.96,0,0.002421307506053269
analyze_data_for_decisions,Raise charitable funds,2,1,1.0,3.765,2,0.002421307506053269
analyze_data_for_decisions,Track disease outbreaks,2,2,1.0,3.98,0,0.002421307506053269
analyze_data_for_decisions,Advise students,1,1,0.5,3.38,0,0.0012106537530266344
analyze_data_for_decisions,Assess learner progress,1,1,0.5,3.55,0,0.0012106537530266344
analyze_data_for_decisions,Assess neurological function,1,1,0.5,4.4,0,0.0012106537530266344
analyze_data_for_decisions,Coordinate food preparation,1,1,0.5,4.0,0,0.0012106537530266344
analyze_data_for_decisions,Coordinate study protocols,1,1,0.5,4.07,0,0.0012106537530266344
analyze_data_for_decisions,Create visual media,1,1,0.5,3.91,0,0.0012106537530266344
analyze_data_for_decisions,Deliver physical therapy,1,1,0.5,3.54,0,0.0012106537530266344
analyze_data_for_decisions,Diagnose vision conditions,1,1,0.5,3.3,0,0.0012106537530266344
analyze_data_for_decisions,Direct media production,1,1,0.5,3.58,0,0.0012106537530266344
analyze_data_for_decisions,Dispense medications,1,1,0.5,4.43,0,0.0012106537530266344
analyze_data_for_decisions,Install telecom equipment,1,1,0.5,3.59,0,0.0012106537530266344
analyze_data_for_decisions,Lead religious services,1,1,0.5,3.71,0,0.0012106537530266344
analyze_data_for_decisions,Lead specialty nursing,1,1,0.5,4.33,0,0.0012106537530266344
analyze_data_for_decisions,Lead visitor programs,1,1,0.5,3.83,0,0.0012106537530266344
analyze_data_for_decisions,Manage library services,1,1,0.5,4.65,1,0.0012106537530266344
analyze_data_for_decisions,Manage lodging operations,1,1,0.5,3.99,0,0.0012106537530266344
analyze_data_for_decisions,Organize recreation activities,1,1,0.5,3.98,0,0.0012106537530266344
analyze_data_for_decisions,Perform eye diagnostics,1,1,0.5,4.6,0,0.0012106537530266344
analyze_data_for_decisions,Provide animal care,1,1,0.5,3.89,0,0.0012106537530266344
analyze_data_for_decisions,Provide dental care,1,1,0.5,4.19,0,0.0012106537530266344
analyze_data_for_decisions,Provide emergency medicine,1,1,0.5,4.21,0,0.0012106537530266344
analyze_data_for_decisions,Provide manual treatment,1,1,0.5,3.75,1,0.0012106537530266344
analyze_data_for_decisions,Provide maternity care,1,1,0.5,3.5,0,0.0012106537530266344
analyze_data_for_decisions,Repair mechanical equipment,1,1,0.5,4.0,0,0.0012106537530266344
analyze_data_for_decisions,Run geothermal plants,1,1,0.5,4.01,0,0.0012106537530266344
analyze_data_for_decisions,Support rehabilitation therapy,1,1,0.5,3.84,0,0.0012106537530266344
analyze_data_for_decisions,Teach and develop courses,1,1,0.5,3.33,1,0.0012106537530266344
analyze_data_for_decisions,Test software quality,1,1,0.5,3.29,0,0.0012106537530266344
analyze_data_for_decisions,Translate and interpret,1,1,0.5,4.57,0,0.0012106537530266344
analyze_data_for_decisions,Treat physical disability,1,1,0.5,3.45,0,0.0012106537530266344
collect_and_maintain_records,Deliver college instruction,30,30,15.0,4.174,0,0.03282275711159737
collect_and_maintain_records,Process financial records,30,5,15.0,4.332857142857143,7,0.03282275711159737
collect_and_maintain_records,Manage health information,29,6,14.5,4.527647058823529,0,0.03172866520787746
collect_and_maintain_records,Teach postsecondary courses,28,26,14.0,3.225357142857143,0,0.030634573304157548
collect_and_maintain_records,Deliver classroom instruction,24,15,12.0,4.079565217391305,1,0.0262582056892779
collect_and_maintain_records,Apply legal analysis,17,4,8.5,3.7758823529411765,0,0.018599562363238512
collect_and_maintain_records,Deliver radiation treatment,17,6,8.5,4.4541176470588235,0,0.018599562363238512
collect_and_maintain_records,Support classroom learning,15,4,7.5,3.8280000000000003,6,0.016411378555798686
collect_and_maintain_records,Manage library services,14,3,7.0,3.9664285714285716,4,0.015317286652078774
collect_and_maintain_records,Supervise field crews,14,8,7.0,3.805,0,0.015317286652078774
collect_and_maintain_records,Assist patient care,13,4,6.5,4.372307692307692,2,0.014223194748358862
collect_and_maintain_records,Analyze laboratory samples,12,6,6.0,4.458333333333333,2,0.01312910284463895
collect_and_maintain_records,Coordinate creative production,12,4,6.0,4.099166666666666,2,0.01312910284463895
collect_and_maintain_records,Support network systems,12,4,6.0,3.7116666666666664,0,0.01312910284463895
collect_and_maintain_records,Develop web applications,11,3,5.5,3.9114285714285715,0,0.012035010940919038
collect_and_maintain_records,Dispense medications,11,3,5.5,4.387272727272727,0,0.012035010940919038
collect_and_maintain_records,Install electrical wiring,10,7,5.0,3.998,2,0.010940919037199124
collect_and_maintain_records,Operate flight systems,10,4,5.0,3.8340000000000005,0,0.010940919037199124
collect_and_maintain_records,Organize document systems,10,3,5.0,4.008,2,0.010940919037199124
collect_and_maintain_records,Provide manual treatment,10,5,5.0,4.4399999999999995,2,0.010940919037199124
collect_and_maintain_records,Administer compensation benefits,9,5,4.5,3.8244444444444445,0,0.009846827133479213
collect_and_maintain_records,Conduct survey research,9,3,4.5,4.064444444444444,0,0.009846827133479213
collect_and_maintain_records,Fabricate precision parts,9,5,4.5,3.8322222222222226,0,0.009846827133479213
collect_and_maintain_records,Install mechanical systems,9,5,4.5,3.7777777777777777,5,0.009846827133479213
collect_and_maintain_records,Produce media content,9,3,4.5,3.723333333333333,0,0.009846827133479213
collect_and_maintain_records,Provide emergency medicine,9,9,4.5,4.678,0,0.009846827133479213
collect_and_maintain_records,Analyze bioinformatics data,8,4,4.0,3.74875,1,0.0087527352297593
collect_and_maintain_records,Analyze remote sensing data,8,2,4.0,4.08,0,0.0087527352297593
collect_and_maintain_records,Appraise property value,8,2,4.0,4.44125,0,0.0087527352297593
collect_and_maintain_records,Arrange funeral services,8,4,4.0,4.27375,0,0.0087527352297593
collect_and_maintain_records,Determine benefit eligibility,8,3,4.0,4.4125,0,0.0087527352297593
collect_and_maintain_records,Inspect and investigate,8,4,4.0,4.24625,0,0.0087527352297593
collect_and_maintain_records,Manage funds,8,4,4.0,4.13875,2,0.0087527352297593
collect_and_maintain_records,Manage geospatial data,8,3,4.0,4.09875,1,0.0087527352297593
collect_and_maintain_records,Coordinate social services,7,4,3.5,4.112857142857143,2,0.007658643326039387
collect_and_maintain_records,Curate historical records,7,4,3.5,4.204285714285715,0,0.007658643326039387
collect_and_maintain_records,Deliver physical therapy,7,3,3.5,4.367142857142857,2,0.007658643326039387
collect_and_maintain_records,Edit written content,7,3,3.5,4.24,4,0.007658643326039387
collect_and_maintain_records,Investigate fraud,7,3,3.5,4.398571428571429,0,0.007658643326039387
collect_and_maintain_records,Maintain equipment,7,4,3.5,3.9057142857142857,0,0.007658643326039387
collect_and_maintain_records,Manage lodging operations,7,3,3.5,4.188571428571429,0,0.007658643326039387
collect_and_maintain_records,Provide behavioral counseling,7,4,3.5,4.660000000000001,2,0.007658643326039387
collect_and_maintain_records,Provide dental care,7,5,3.5,4.538571428571428,0,0.007658643326039387
collect_and_maintain_records,Provide hair services,7,2,3.5,4.134285714285714,0,0.007658643326039387
collect_and_maintain_records,Provide nursing care,7,3,3.5,4.347142857142857,0,0.007658643326039387
collect_and_maintain_records,Study water resources,7,2,3.5,3.6966666666666668,0,0.007658643326039387
collect_and_maintain_records,Support rehabilitation therapy,7,3,3.5,4.321428571428571,0,0.007658643326039387
collect_and_maintain_records,Track logistics flow,7,1,3.5,3.807142857142857,1,0.007658643326039387
collect_and_maintain_records,Analyze statistical data,6,4,3.0,3.974,2,0.006564551422319475
collect_and_maintain_records,Build robotic systems,6,2,3.0,3.5866666666666664,0,0.006564551422319475
collect_and_maintain_records,Coordinate wellness programs,6,3,3.0,3.768333333333333,0,0.006564551422319475
collect_and_maintain_records,Create technical drawings,6,3,3.0,3.735,0,0.006564551422319475
collect_and_maintain_records,Deliver business intelligence,6,3,3.0,4.105,2,0.006564551422319475
collect_and_maintain_records,Design marine systems,6,3,3.0,4.075,0,0.006564551422319475
collect_and_maintain_records,Direct media production,6,4,3.0,3.8633333333333333,1,0.006564551422319475
collect_and_maintain_records,Manage workplace safety,6,3,3.0,3.795,0,0.006564551422319475
collect_and_maintain_records,Plan marketing campaigns,6,4,3.0,3.518,0,0.006564551422319475
collect_and_maintain_records,Translate and interpret,6,3,3.0,4.1000000000000005,0,0.006564551422319475
collect_and_maintain_records,Assess speech disorders,5,2,2.5,4.712,0,0.005470459518599562
collect_and_maintain_records,Conduct surveying work,5,1,2.5,4.02,0,0.005470459518599562
collect_and_maintain_records,Coordinate production supply,5,2,2.5,3.9500000000000006,0,0.005470459518599562
collect_and_maintain_records,Coordinate study protocols,5,1,2.5,4.046,0,0.005470459518599562
collect_and_maintain_records,Diagnose skin conditions,5,3,2.5,4.598000000000001,4,0.005470459518599562
collect_and_maintain_records,Engineer aerospace systems,5,5,2.5,4.192,0,0.005470459518599562
collect_and_maintain_records,Establish property boundaries,5,2,2.5,4.436,0,0.005470459518599562
collect_and_maintain_records,Evaluate insurance claims,5,2,2.5,4.258,0,0.005470459518599562
collect_and_maintain_records,Evaluate loan applications,5,2,2.5,4.1325,2,0.005470459518599562
collect_and_maintain_records,Lead specialty nursing,5,2,2.5,4.4079999999999995,4,0.005470459518599562
collect_and_maintain_records,Manage construction projects,5,3,2.5,3.8579999999999997,0,0.005470459518599562
collect_and_maintain_records,Monitor compliance,5,3,2.5,4.292,0,0.005470459518599562
collect_and_maintain_records,Operate wind facilities,5,3,2.5,3.9479999999999995,0,0.005470459518599562
collect_and_maintain_records,Optimize chemical processes,5,3,2.5,3.9659999999999997,2,0.005470459518599562
collect_and_maintain_records,Perform dance routines,5,2,2.5,4.1240000000000006,3,0.005470459518599562
collect_and_maintain_records,Plan transportation systems,5,3,2.5,3.723333333333333,4,0.005470459518599562
collect_and_maintain_records,Provide animal care,5,2,2.5,4.448,0,0.005470459518599562
collect_and_maintain_records,Repair electromechanical systems,5,3,2.5,3.4899999999999998,0,0.005470459518599562
collect_and_maintain_records,Sell technical products,5,3,2.5,4.062,1,0.005470459518599562
collect_and_maintain_records,Administer databases,4,2,2.0,2.7,0,0.00437636761487965
collect_and_maintain_records,Advance academic research,4,1,2.0,3.8475,4,0.00437636761487965
collect_and_maintain_records,Analyze investment risk,4,2,2.0,2.88,0,0.00437636761487965
collect_and_maintain_records,Analyze organizational problems,4,3,2.0,3.9575,0,0.00437636761487965
collect_and_maintain_records,Assess cardiovascular function,4,3,2.0,4.636666666666667,1,0.00437636761487965
collect_and_maintain_records,Capture and edit images,4,2,2.0,3.9,0,0.00437636761487965
collect_and_maintain_records,Control product quality,4,3,2.0,4.0325,0,0.00437636761487965
collect_and_maintain_records,Coordinate emergency response,4,2,2.0,3.4325,0,0.00437636761487965
collect_and_maintain_records,Deliver creative therapy,4,2,2.0,4.2075000000000005,0,0.00437636761487965
collect_and_maintain_records,Improve animal production,4,3,2.0,3.915,2,0.00437636761487965
collect_and_maintain_records,Manage administrative operations,4,3,2.0,3.8899999999999997,0,0.00437636761487965
collect_and_maintain_records,Manage performer careers,4,2,2.0,3.855,0,0.00437636761487965
collect_and_maintain_records,Organize recreation activities,4,2,2.0,4.0075,0,0.00437636761487965
collect_and_maintain_records,Provide academic tutoring,4,2,2.0,3.7275,0,0.00437636761487965
collect_and_maintain_records,Provide maternity care,4,2,2.0,4.7125,0,0.00437636761487965
collect_and_maintain_records,Raise charitable funds,4,2,2.0,3.5275,1,0.00437636761487965
collect_and_maintain_records,Run geothermal plants,4,3,2.0,4.0,0,0.00437636761487965
collect_and_maintain_records,Supervise residential safety,4,1,2.0,3.2825,0,0.00437636761487965
collect_and_maintain_records,Support crop production,4,2,2.0,4.015,0,0.00437636761487965
collect_and_maintain_records,Test software quality,4,1,2.0,4.306666666666667,0,0.00437636761487965
collect_and_maintain_records,Treat physical disability,4,3,2.0,4.475,1,0.00437636761487965
collect_and_maintain_records,Advance genetics research,3,2,1.5,3.4966666666666666,0,0.0032822757111597373
collect_and_maintain_records,Assess neurological function,3,3,1.5,4.3966666666666665,0,0.0032822757111597373
collect_and_maintain_records,Broker real estate deals,3,3,1.5,3.6833333333333336,1,0.0032822757111597373
collect_and_maintain_records,Create crafted designs,3,2,1.5,4.21,0,0.0032822757111597373
collect_and_maintain_records,Develop photonic systems,3,2,1.5,3.703333333333333,0,0.0032822757111597373
collect_and_maintain_records,Diagnose vision conditions,3,2,1.5,4.526666666666666,0,0.0032822757111597373
collect_and_maintain_records,Draft engineering plans,3,2,1.5,3.9000000000000004,1,0.0032822757111597373
collect_and_maintain_records,Enforce public safety,3,1,1.5,4.396666666666667,0,0.0032822757111597373
collect_and_maintain_records,Improve production methods,3,2,1.5,3.545,0,0.0032822757111597373
collect_and_maintain_records,Install piping systems,3,2,1.5,3.8066666666666666,0,0.0032822757111597373
collect_and_maintain_records,Install telecom equipment,3,2,1.5,3.75,1,0.0032822757111597373
collect_and_maintain_records,Manage agricultural production,3,2,1.5,4.0633333333333335,1,0.0032822757111597373
collect_and_maintain_records,Manage forest resources,3,1,1.5,3.53,0,0.0032822757111597373
collect_and_maintain_records,Manage regulatory submissions,3,1,1.5,4.08,0,0.0032822757111597373
collect_and_maintain_records,Optimize search visibility,3,1,1.5,4.286666666666666,0,0.0032822757111597373
collect_and_maintain_records,Oversee engineering projects,3,2,1.5,3.703333333333333,1,0.0032822757111597373
collect_and_maintain_records,Process customs clearance,3,3,1.5,4.44,1,0.0032822757111597373
collect_and_maintain_records,Procure farm products,3,3,1.5,3.9766666666666666,0,0.0032822757111597373
collect_and_maintain_records,Repair mechanical equipment,3,3,1.5,4.256666666666667,1,0.0032822757111597373
collect_and_maintain_records,Administer education programs,2,2,1.0,3.8249999999999997,0,0.002188183807439825
collect_and_maintain_records,Advance nanoscale research,2,1,1.0,4.025,0,0.002188183807439825
collect_and_maintain_records,Assess credit risk,2,1,1.0,4.51,0,0.002188183807439825
collect_and_maintain_records,Assess learner progress,2,1,1.0,4.125,0,0.002188183807439825
collect_and_maintain_records,Coordinate food preparation,2,2,1.0,4.005,0,0.002188183807439825
collect_and_maintain_records,Craft precious items,2,2,1.0,4.045,0,0.002188183807439825
collect_and_maintain_records,Design electrical systems,2,2,1.0,3.4749999999999996,0,0.002188183807439825
collect_and_maintain_records,Diagnose psychiatric conditions,2,2,1.0,4.890000000000001,0,0.002188183807439825
collect_and_maintain_records,Improve energy efficiency,2,2,1.0,4.2,2,0.002188183807439825
collect_and_maintain_records,Lead visitor programs,2,2,1.0,3.175,0,0.002188183807439825
collect_and_maintain_records,Manage aquatic operations,2,2,1.0,4.32,0,0.002188183807439825
collect_and_maintain_records,Manage distribution operations,2,1,1.0,3.7,0,0.002188183807439825
collect_and_maintain_records,Manage projects,2,1,1.0,,0,0.002188183807439825
collect_and_maintain_records,Manage public relations,2,2,1.0,4.41,0,0.002188183807439825
collect_and_maintain_records,Manage sustainability initiatives,2,2,1.0,3.9050000000000002,0,0.002188183807439825
collect_and_maintain_records,Model water systems,2,1,1.0,3.385,0,0.002188183807439825
collect_and_maintain_records,Operate nuclear systems,2,2,1.0,4.33,0,0.002188183807439825
collect_and_maintain_records,Perform eye diagnostics,2,2,1.0,4.925000000000001,0,0.002188183807439825
collect_and_maintain_records,Process online orders,2,1,1.0,3.7750000000000004,0,0.002188183807439825
collect_and_maintain_records,Protect information systems,2,2,1.0,3.91,0,0.002188183807439825
collect_and_maintain_records,Repair control systems,2,1,1.0,4.045,0,0.002188183807439825
collect_and_maintain_records,Support anesthesia procedures,2,2,1.0,4.605,1,0.002188183807439825
collect_and_maintain_records,Test automotive systems,2,2,1.0,3.94,0,0.002188183807439825
collect_and_maintain_records,Trade securities,2,1,1.0,4.529999999999999,0,0.002188183807439825
collect_and_maintain_records,Adjudicate disputes,1,1,0.5,4.09,0,0.0010940919037199124
collect_and_maintain_records,Advise students,1,1,0.5,4.62,0,0.0010940919037199124
collect_and_maintain_records,Analyze economic trends,1,1,0.5,3.35,0,0.0010940919037199124
collect_and_maintain_records,Assess hearing function,1,1,0.5,4.95,0,0.0010940919037199124
collect_and_maintain_records,Assess industrial impacts,1,1,0.5,3.87,0,0.0010940919037199124
collect_and_maintain_records,Conduct biological research,1,1,0.5,4.65,0,0.0010940919037199124
collect_and_maintain_records,Conduct scientific research,1,1,0.5,4.05,0,0.0010940919037199124
collect_and_maintain_records,Create visual media,1,1,0.5,4.0,0,0.0010940919037199124
collect_and_maintain_records,Design biomedical systems,1,1,0.5,3.91,0,0.0010940919037199124
collect_and_maintain_records,Design computer systems,1,1,0.5,3.66,0,0.0010940919037199124
collect_and_maintain_records,Design solar systems,1,1,0.5,4.13,0,0.0010940919037199124
collect_and_maintain_records,Diagnose mental health,1,1,0.5,4.8,0,0.0010940919037199124
collect_and_maintain_records,Direct organizational strategy,1,1,0.5,3.8,0,0.0010940919037199124
collect_and_maintain_records,Evaluate student work,1,1,0.5,4.23,0,0.0010940919037199124
collect_and_maintain_records,Improve soil systems,1,1,0.5,3.94,0,0.0010940919037199124
collect_and_maintain_records,Manage anesthesia care,1,1,0.5,4.84,0,0.0010940919037199124
collect_and_maintain_records,Manage biofuel operations,1,1,0.5,3.93,0,0.0010940919037199124
collect_and_maintain_records,Manage financial operations,1,1,0.5,4.38,0,0.0010940919037199124
collect_and_maintain_records,Manage security operations,1,1,0.5,3.83,0,0.0010940919037199124
collect_and_maintain_records,Optimize manufacturing processes,1,1,0.5,3.76,0,0.0010940919037199124
collect_and_maintain_records,Plan extraction operations,1,1,0.5,4.04,0,0.0010940919037199124
collect_and_maintain_records,Plan remediation projects,1,1,0.5,3.68,0,0.0010940919037199124
collect_and_maintain_records,Provide nutrition counseling,1,1,0.5,4.28,0,0.0010940919037199124
collect_and_maintain_records,Teach and develop courses,1,1,0.5,3.98,0,0.0010940919037199124
collect_and_maintain_records,Track disease outbreaks,1,1,0.5,4.22,0,0.0010940919037199124
compare_records_against_standards,Analyze laboratory samples,9,5,4.5,4.7988888888888885,0,0.04035874439461883
compare_records_against_standards,Edit written content,9,3,4.5,4.325555555555556,1,0.04035874439461883
compare_records_against_standards,Fabricate precision parts,9,6,4.5,4.293333333333333,3,0.04035874439461883
compare_records_against_standards,Coordinate creative production,8,4,4.0,4.3925,4,0.03587443946188341
compare_records_against_standards,Manage funds,8,4,4.0,4.27625,1,0.03587443946188341
compare_records_against_standards,Optimize chemical processes,6,3,3.0,4.325,0,0.026905829596412557
compare_records_against_standards,Process financial records,6,3,3.0,4.39,1,0.026905829596412557
compare_records_against_standards,Assess cardiovascular function,5,4,2.5,4.845,2,0.02242152466367713
compare_records_against_standards,Craft precious items,5,2,2.5,4.264,0,0.02242152466367713
compare_records_against_standards,Create technical drawings,5,3,2.5,3.8625,0,0.02242152466367713
compare_records_against_standards,Deliver radiation treatment,5,4,2.5,4.7425,0,0.02242152466367713
compare_records_against_standards,Engineer aerospace systems,4,2,2.0,4.056666666666667,0,0.017937219730941704
compare_records_against_standards,Establish property boundaries,4,2,2.0,4.45,0,0.017937219730941704
compare_records_against_standards,Repair electromechanical systems,4,3,2.0,3.7350000000000003,0,0.017937219730941704
compare_records_against_standards,Supervise field crews,4,4,2.0,3.9625000000000004,0,0.017937219730941704
compare_records_against_standards,Analyze investment risk,3,3,1.5,3.55,0,0.013452914798206279
compare_records_against_standards,Analyze statistical data,3,2,1.5,4.035,2,0.013452914798206279
compare_records_against_standards,Broker real estate deals,3,2,1.5,3.9599999999999995,0,0.013452914798206279
compare_records_against_standards,Conduct surveying work,3,1,1.5,3.9766666666666666,0,0.013452914798206279
compare_records_against_standards,Coordinate food preparation,3,1,1.5,4.303333333333334,0,0.013452914798206279
compare_records_against_standards,Curate historical records,3,3,1.5,3.8866666666666667,0,0.013452914798206279
compare_records_against_standards,Investigate digital evidence,3,2,1.5,4.11,0,0.013452914798206279
compare_records_against_standards,Maintain equipment,3,2,1.5,4.1866666666666665,0,0.013452914798206279
compare_records_against_standards,Manage geospatial data,3,2,1.5,4.003333333333333,0,0.013452914798206279
compare_records_against_standards,Manage health information,3,2,1.5,4.696666666666666,0,0.013452914798206279
compare_records_against_standards,Manage library services,3,3,1.5,4.093333333333334,1,0.013452914798206279
compare_records_against_standards,Operate flight systems,3,3,1.5,3.996666666666666,0,0.013452914798206279
compare_records_against_standards,Procure farm products,3,2,1.5,3.9233333333333333,0,0.013452914798206279
compare_records_against_standards,Translate and interpret,3,1,1.5,4.193333333333333,0,0.013452914798206279
compare_records_against_standards,Analyze remote sensing data,2,1,1.0,4.135,0,0.008968609865470852
compare_records_against_standards,Capture and edit images,2,2,1.0,4.105,1,0.008968609865470852
compare_records_against_standards,Control product quality,2,2,1.0,4.285,0,0.008968609865470852
compare_records_against_standards,Design computer systems,2,2,1.0,3.8200000000000003,0,0.008968609865470852
compare_records_against_standards,Design electrical systems,2,2,1.0,3.455,0,0.008968609865470852
compare_records_against_standards,Determine benefit eligibility,2,2,1.0,4.35,0,0.008968609865470852
compare_records_against_standards,Develop web applications,2,2,1.0,4.09,0,0.008968609865470852
compare_records_against_standards,Diagnose skin conditions,2,1,1.0,4.58,2,0.008968609865470852
compare_records_against_standards,Direct media production,2,2,1.0,4.17,0,0.008968609865470852
compare_records_against_standards,Evaluate insurance claims,2,2,1.0,3.99,0,0.008968609865470852
compare_records_against_standards,Evaluate student work,2,2,1.0,4.5649999999999995,1,0.008968609865470852
compare_records_against_standards,Improve energy efficiency,2,1,1.0,3.6950000000000003,0,0.008968609865470852
compare_records_against_standards,Improve production methods,2,1,1.0,3.55,0,0.008968609865470852
compare_records_against_standards,Manage financial operations,2,1,1.0,3.785,0,0.008968609865470852
compare_records_against_standards,Manage projects,2,2,1.0,4.25,0,0.008968609865470852
compare_records_against_standards,Manage workplace safety,2,2,1.0,3.4,1,0.008968609865470852
compare_records_against_standards,Plan transportation systems,2,1,1.0,3.865,0,0.008968609865470852
compare_records_against_standards,Process customs clearance,2,2,1.0,4.6,0,0.008968609865470852
compare_records_against_standards,Repair mechanical equipment,2,2,1.0,4.105,2,0.008968609865470852
compare_records_against_standards,Sell technical products,2,1,1.0,3.725,0,0.008968609865470852
compare_records_against_standards,Test material performance,2,1,1.0,4.074999999999999,0,0.008968609865470852
compare_records_against_standards,Administer compensation benefits,1,1,0.5,3.9,0,0.004484304932735426
compare_records_against_standards,Administer databases,1,1,0.5,3.57,0,0.004484304932735426
compare_records_against_standards,Advance academic research,1,1,0.5,3.73,1,0.004484304932735426
compare_records_against_standards,Analyze organizational problems,1,1,0.5,3.53,0,0.004484304932735426
compare_records_against_standards,Apply legal analysis,1,1,0.5,3.52,0,0.004484304932735426
compare_records_against_standards,Appraise property value,1,1,0.5,4.05,0,0.004484304932735426
compare_records_against_standards,Assess credit risk,1,1,0.5,4.25,0,0.004484304932735426
compare_records_against_standards,Assess neurological function,1,1,0.5,4.04,0,0.004484304932735426
compare_records_against_standards,Assist patient care,1,1,0.5,4.92,1,0.004484304932735426
compare_records_against_standards,Conduct survey research,1,1,0.5,4.04,0,0.004484304932735426
compare_records_against_standards,Coordinate emergency response,1,1,0.5,4.28,0,0.004484304932735426
compare_records_against_standards,Coordinate logistics services,1,1,0.5,4.12,0,0.004484304932735426
compare_records_against_standards,Coordinate production supply,1,1,0.5,4.01,0,0.004484304932735426
compare_records_against_standards,Deliver classroom instruction,1,1,0.5,4.09,0,0.004484304932735426
compare_records_against_standards,Design marine systems,1,1,0.5,3.44,0,0.004484304932735426
compare_records_against_standards,Design micro systems,1,1,0.5,3.27,0,0.004484304932735426
compare_records_against_standards,Design solar systems,1,1,0.5,4.07,0,0.004484304932735426
compare_records_against_standards,Develop building designs,1,1,0.5,2.59,0,0.004484304932735426
compare_records_against_standards,Develop photonic systems,1,1,0.5,4.22,0,0.004484304932735426
compare_records_against_standards,Diagnose vision conditions,1,1,0.5,4.88,0,0.004484304932735426
compare_records_against_standards,Draft engineering plans,1,1,0.5,3.81,0,0.004484304932735426
compare_records_against_standards,Evaluate loan applications,1,1,0.5,,0,0.004484304932735426
compare_records_against_standards,Improve soil systems,1,1,0.5,4.3,0,0.004484304932735426
compare_records_against_standards,Install electrical wiring,1,1,0.5,4.12,1,0.004484304932735426
compare_records_against_standards,Install mechanical systems,1,1,0.5,3.89,0,0.004484304932735426
compare_records_against_standards,Investigate fraud,1,1,0.5,3.71,0,0.004484304932735426
compare_records_against_standards,Lead specialty nursing,1,1,0.5,4.09,1,0.004484304932735426
compare_records_against_standards,Manage IT operations,1,1,0.5,3.14,0,0.004484304932735426
compare_records_against_standards,Manage construction projects,1,1,0.5,3.9,0,0.004484304932735426
compare_records_against_standards,Manage performer careers,1,1,0.5,2.97,0,0.004484304932735426
compare_records_against_standards,Manage security operations,1,1,0.5,3.62,0,0.004484304932735426
compare_records_against_standards,Optimize manufacturing processes,1,1,0.5,3.62,0,0.004484304932735426
compare_records_against_standards,Perform dance routines,1,1,0.5,4.89,1,0.004484304932735426
compare_records_against_standards,Plan marketing campaigns,1,1,0.5,4.07,0,0.004484304932735426
compare_records_against_standards,Plan remediation projects,1,1,0.5,3.71,0,0.004484304932735426
compare_records_against_standards,Produce media content,1,1,0.5,,0,0.004484304932735426
compare_records_against_standards,Produce news content,1,1,0.5,4.1,0,0.004484304932735426
compare_records_against_standards,Provide animal care,1,1,0.5,4.89,0,0.004484304932735426
compare_records_against_standards,Provide emergency medicine,1,1,0.5,,0,0.004484304932735426
compare_records_against_standards,Provide nursing care,1,1,0.5,3.88,0,0.004484304932735426
compare_records_against_standards,Provide nutrition counseling,1,1,0.5,3.37,0,0.004484304932735426
compare_records_against_standards,Run geothermal plants,1,1,0.5,4.07,0,0.004484304932735426
compare_records_against_standards,Study water resources,1,1,0.5,,0,0.004484304932735426
compare_records_against_standards,Support anesthesia procedures,1,1,0.5,4.48,0,0.004484304932735426
compare_records_against_standards,Support crop production,1,1,0.5,4.04,0,0.004484304932735426
compare_records_against_standards,Test automotive systems,1,1,0.5,4.38,0,0.004484304932735426
compare_records_against_standards,Test software quality,1,1,0.5,3.7,0,0.004484304932735426
compare_records_against_standards,Track logistics flow,1,1,0.5,2.73,0,0.004484304932735426
conduct_experiments_or_tests,Analyze laboratory samples,17,6,8.5,4.552941176470589,1,0.06910569105691057
conduct_experiments_or_tests,Optimize chemical processes,9,4,4.5,4.036666666666666,0,0.036585365853658534
conduct_experiments_or_tests,Improve soil systems,8,2,4.0,3.235,0,0.032520325203252036
conduct_experiments_or_tests,Analyze statistical data,7,5,3.5,3.86,5,0.028455284552845527
conduct_experiments_or_tests,Assess cardiovascular function,7,5,3.5,4.546,3,0.028455284552845527
conduct_experiments_or_tests,Conduct biological research,7,2,3.5,3.767142857142857,0,0.028455284552845527
conduct_experiments_or_tests,Test automotive systems,7,2,3.5,3.6942857142857144,0,0.028455284552845527
conduct_experiments_or_tests,Improve animal production,6,4,3.0,3.6,1,0.024390243902439025
conduct_experiments_or_tests,Provide emergency medicine,6,6,3.0,3.8175,0,0.024390243902439025
conduct_experiments_or_tests,Repair electromechanical systems,6,3,3.0,3.6525,0,0.024390243902439025
conduct_experiments_or_tests,Control product quality,5,3,2.5,4.026,0,0.02032520325203252
conduct_experiments_or_tests,Design biomedical systems,5,2,2.5,3.562,1,0.02032520325203252
conduct_experiments_or_tests,Develop web applications,5,3,2.5,3.84,0,0.02032520325203252
conduct_experiments_or_tests,Diagnose skin conditions,5,3,2.5,4.232,5,0.02032520325203252
conduct_experiments_or_tests,Manage biofuel operations,5,1,2.5,3.5460000000000003,0,0.02032520325203252
conduct_experiments_or_tests,Operate nuclear systems,5,2,2.5,3.9840000000000004,0,0.02032520325203252
conduct_experiments_or_tests,Protect information systems,5,2,2.5,4.56,0,0.02032520325203252
conduct_experiments_or_tests,Advance nanoscale research,4,2,2.0,3.9699999999999998,0,0.016260162601626018
conduct_experiments_or_tests,Design computer systems,4,2,2.0,3.9025000000000003,0,0.016260162601626018
conduct_experiments_or_tests,Develop photonic systems,4,2,2.0,3.5825,0,0.016260162601626018
conduct_experiments_or_tests,Engineer aerospace systems,4,3,2.0,4.2925,0,0.016260162601626018
conduct_experiments_or_tests,Manage workplace safety,4,3,2.0,3.5575,2,0.016260162601626018
conduct_experiments_or_tests,Optimize manufacturing processes,4,3,2.0,3.52,0,0.016260162601626018
conduct_experiments_or_tests,Provide nutrition counseling,4,1,2.0,3.0,0,0.016260162601626018
conduct_experiments_or_tests,Test material performance,4,2,2.0,4.0600000000000005,0,0.016260162601626018
conduct_experiments_or_tests,Administer databases,3,2,1.5,3.76,0,0.012195121951219513
conduct_experiments_or_tests,Assess neurological function,3,3,1.5,3.78,0,0.012195121951219513
conduct_experiments_or_tests,Build robotic systems,3,2,1.5,4.006666666666667,2,0.012195121951219513
conduct_experiments_or_tests,Conduct scientific research,3,2,1.5,4.09,0,0.012195121951219513
conduct_experiments_or_tests,Deliver radiation treatment,3,3,1.5,4.11,0,0.012195121951219513
conduct_experiments_or_tests,Design micro systems,3,1,1.5,3.6566666666666667,0,0.012195121951219513
conduct_experiments_or_tests,Oversee engineering projects,3,2,1.5,3.5333333333333337,3,0.012195121951219513
conduct_experiments_or_tests,Perform eye diagnostics,3,1,1.5,3.81,0,0.012195121951219513
conduct_experiments_or_tests,Support crop production,3,1,1.5,3.8466666666666662,0,0.012195121951219513
conduct_experiments_or_tests,Track disease outbreaks,3,2,1.5,3.926666666666667,0,0.012195121951219513
conduct_experiments_or_tests,Advance genetics research,2,1,1.0,4.26,0,0.008130081300813009
conduct_experiments_or_tests,Analyze bioinformatics data,2,2,1.0,2.92,0,0.008130081300813009
conduct_experiments_or_tests,Analyze organizational problems,2,2,1.0,3.9299999999999997,0,0.008130081300813009
conduct_experiments_or_tests,Assist patient care,2,2,1.0,4.73,1,0.008130081300813009
conduct_experiments_or_tests,Coordinate creative production,2,1,1.0,3.165,2,0.008130081300813009
conduct_experiments_or_tests,Coordinate wellness programs,2,1,1.0,3.295,0,0.008130081300813009
conduct_experiments_or_tests,Create crafted designs,2,2,1.0,3.87,0,0.008130081300813009
conduct_experiments_or_tests,Deliver business intelligence,2,2,1.0,4.095,1,0.008130081300813009
conduct_experiments_or_tests,Diagnose vision conditions,2,1,1.0,3.605,0,0.008130081300813009
conduct_experiments_or_tests,Draft engineering plans,2,2,1.0,3.965,1,0.008130081300813009
conduct_experiments_or_tests,Fabricate precision parts,2,2,1.0,3.855,1,0.008130081300813009
conduct_experiments_or_tests,Inspect and investigate,2,2,1.0,3.745,0,0.008130081300813009
conduct_experiments_or_tests,Operate flight systems,2,2,1.0,4.27,0,0.008130081300813009
conduct_experiments_or_tests,Operate wind facilities,2,2,1.0,3.875,0,0.008130081300813009
conduct_experiments_or_tests,Plan extraction operations,2,2,1.0,2.985,0,0.008130081300813009
conduct_experiments_or_tests,Provide animal care,2,2,1.0,4.215,0,0.008130081300813009
conduct_experiments_or_tests,Provide nursing care,2,2,1.0,4.244999999999999,0,0.008130081300813009
conduct_experiments_or_tests,Study water resources,2,2,1.0,4.33,0,0.008130081300813009
conduct_experiments_or_tests,Test software quality,2,1,1.0,4.045,0,0.008130081300813009
conduct_experiments_or_tests,Administer compensation benefits,1,1,0.5,2.84,0,0.0040650406504065045
conduct_experiments_or_tests,Analyze economic trends,1,1,0.5,3.68,1,0.0040650406504065045
conduct_experiments_or_tests,Analyze investment risk,1,1,0.5,3.44,0,0.0040650406504065045
conduct_experiments_or_tests,Analyze remote sensing data,1,1,0.5,3.68,0,0.0040650406504065045
conduct_experiments_or_tests,Assess industrial impacts,1,1,0.5,2.8,0,0.0040650406504065045
conduct_experiments_or_tests,Conduct survey research,1,1,0.5,4.25,1,0.0040650406504065045
conduct_experiments_or_tests,Coordinate emergency response,1,1,0.5,4.14,0,0.0040650406504065045
conduct_experiments_or_tests,Create visual media,1,1,0.5,2.66,0,0.0040650406504065045
conduct_experiments_or_tests,Curate historical records,1,1,0.5,3.88,0,0.0040650406504065045
conduct_experiments_or_tests,Deliver classroom instruction,1,1,0.5,2.98,1,0.0040650406504065045
conduct_experiments_or_tests,Deliver creative therapy,1,1,0.5,3.27,0,0.0040650406504065045
conduct_experiments_or_tests,Design electrical systems,1,1,0.5,3.72,0,0.0040650406504065045
conduct_experiments_or_tests,Design marine systems,1,1,0.5,3.21,0,0.0040650406504065045
conduct_experiments_or_tests,Design solar systems,1,1,0.5,2.87,0,0.0040650406504065045
conduct_experiments_or_tests,Diagnose mental health,1,1,0.5,3.1,0,0.0040650406504065045
conduct_experiments_or_tests,Improve energy efficiency,1,1,0.5,3.89,0,0.0040650406504065045
conduct_experiments_or_tests,Improve production methods,1,1,0.5,,0,0.0040650406504065045
conduct_experiments_or_tests,Maintain equipment,1,1,0.5,3.96,0,0.0040650406504065045
conduct_experiments_or_tests,Manage anesthesia care,1,1,0.5,3.47,0,0.0040650406504065045
conduct_experiments_or_tests,Manage forest resources,1,1,0.5,2.88,0,0.0040650406504065045
conduct_experiments_or_tests,Manage funds,1,1,0.5,3.69,0,0.0040650406504065045
conduct_experiments_or_tests,Manage health information,1,1,0.5,3.7,0,0.0040650406504065045
conduct_experiments_or_tests,Manage performer careers,1,1,0.5,4.29,0,0.0040650406504065045
conduct_experiments_or_tests,Monitor compliance,1,1,0.5,3.57,0,0.0040650406504065045
conduct_experiments_or_tests,Optimize search visibility,1,1,0.5,3.83,0,0.0040650406504065045
conduct_experiments_or_tests,Plan remediation projects,1,1,0.5,3.21,0,0.0040650406504065045
conduct_experiments_or_tests,Provide academic tutoring,1,1,0.5,3.78,0,0.0040650406504065045
conduct_experiments_or_tests,Provide maternity care,1,1,0.5,3.53,0,0.0040650406504065045
conduct_experiments_or_tests,Repair mechanical equipment,1,1,0.5,4.08,0,0.0040650406504065045
conduct_experiments_or_tests,Support network systems,1,1,0.5,3.47,0,0.0040650406504065045
conduct_experiments_or_tests,Support rehabilitation therapy,1,1,0.5,3.08,0,0.0040650406504065045
consult_and_advise,Advise students,70,29,35.0,3.572,10,0.05627009646302251
consult_and_advise,Advance academic research,54,31,27.0,3.844074074074074,13,0.04340836012861737
consult_and_advise,Deliver classroom instruction,53,15,26.5,4.0228,5,0.04260450160771704
consult_and_advise,Improve energy efficiency,43,30,21.5,3.082093023255814,35,0.03456591639871383
consult_and_advise,Provide emergency medicine,27,10,13.5,4.427619047619048,0,0.021704180064308683
consult_and_advise,Plan marketing campaigns,23,5,11.5,3.6026086956521737,2,0.018488745980707395
consult_and_advise,Coordinate social services,21,4,10.5,3.8680952380952385,10,0.016881028938906754
consult_and_advise,Administer compensation benefits,20,6,10.0,3.693,0,0.01607717041800643
consult_and_advise,Sell technical products,17,3,8.5,3.7523529411764707,5,0.013665594855305467
consult_and_advise,Provide behavioral counseling,16,4,8.0,4.141875,3,0.012861736334405145
consult_and_advise,Edit written content,15,5,7.5,4.040909090909091,5,0.012057877813504822
consult_and_advise,Assess neurological function,14,5,7.0,4.255714285714285,0,0.011254019292604502
consult_and_advise,Diagnose vision conditions,14,5,7.0,4.3342857142857145,0,0.011254019292604502
consult_and_advise,Develop web applications,13,3,6.5,3.502222222222222,0,0.01045016077170418
consult_and_advise,Evaluate loan applications,13,2,6.5,3.774,7,0.01045016077170418
consult_and_advise,Manage funds,13,4,6.5,4.201538461538461,0,0.01045016077170418
consult_and_advise,Supervise field crews,13,8,6.5,3.8530769230769235,0,0.01045016077170418
consult_and_advise,Analyze economic trends,12,3,6.0,3.7158333333333338,5,0.00964630225080386
consult_and_advise,Direct media production,12,4,6.0,3.8636363636363638,0,0.00964630225080386
consult_and_advise,Analyze investment risk,11,3,5.5,3.456666666666667,0,0.008842443729903537
consult_and_advise,Manage workplace safety,11,3,5.5,3.9472727272727273,7,0.008842443729903537
consult_and_advise,Serve academic governance,11,9,5.5,3.5599999999999996,3,0.008842443729903537
consult_and_advise,Teach postsecondary courses,11,2,5.5,3.433636363636363,0,0.008842443729903537
consult_and_advise,Treat physical disability,11,3,5.5,3.647272727272728,3,0.008842443729903537
consult_and_advise,Design biomedical systems,10,2,5.0,3.591,4,0.008038585209003215
consult_and_advise,Diagnose skin conditions,10,5,5.0,4.379,4,0.008038585209003215
consult_and_advise,Evaluate insurance claims,10,4,5.0,4.1579999999999995,0,0.008038585209003215
consult_and_advise,Manage health information,10,4,5.0,3.9314285714285715,0,0.008038585209003215
consult_and_advise,Oversee engineering projects,10,4,5.0,3.849,4,0.008038585209003215
consult_and_advise,Process customs clearance,10,3,5.0,3.8609999999999998,4,0.008038585209003215
consult_and_advise,Provide manual treatment,10,4,5.0,4.3950000000000005,3,0.008038585209003215
consult_and_advise,Analyze earth systems,9,2,4.5,3.42,0,0.007234726688102894
consult_and_advise,Analyze organizational problems,9,4,4.5,3.58,0,0.007234726688102894
consult_and_advise,Apply legal analysis,9,3,4.5,3.9299999999999997,0,0.007234726688102894
consult_and_advise,Broker real estate deals,9,3,4.5,3.9922222222222223,1,0.007234726688102894
consult_and_advise,Coordinate wellness programs,9,4,4.5,3.902222222222222,0,0.007234726688102894
consult_and_advise,Deliver college instruction,9,3,4.5,3.671111111111111,1,0.007234726688102894
consult_and_advise,Design computer systems,9,2,4.5,3.724444444444445,0,0.007234726688102894
consult_and_advise,Direct organizational strategy,9,2,4.5,4.036666666666666,0,0.007234726688102894
consult_and_advise,Analyze statistical data,8,5,4.0,4.194,2,0.006430868167202572
consult_and_advise,Assess credit risk,8,1,4.0,4.22,0,0.006430868167202572
consult_and_advise,Coordinate creative production,8,4,4.0,4.0512500000000005,6,0.006430868167202572
consult_and_advise,Deliver physical therapy,8,3,4.0,4.135,1,0.006430868167202572
consult_and_advise,Diagnose mental health,8,1,4.0,3.7625,0,0.006430868167202572
consult_and_advise,Diagnose psychiatric conditions,8,2,4.0,4.38,0,0.006430868167202572
consult_and_advise,Manage geospatial data,8,2,4.0,3.7914285714285714,0,0.006430868167202572
consult_and_advise,Plan transportation systems,8,3,4.0,3.9762500000000003,4,0.006430868167202572
consult_and_advise,Provide nursing care,8,2,4.0,4.135,1,0.006430868167202572
consult_and_advise,Install electrical wiring,7,5,3.5,3.8628571428571425,3,0.005627009646302251
consult_and_advise,Investigate fraud,7,3,3.5,3.9271428571428575,3,0.005627009646302251
consult_and_advise,Manage performer careers,7,2,3.5,3.7114285714285713,0,0.005627009646302251
consult_and_advise,Manage regulatory submissions,7,2,3.5,3.937142857142857,0,0.005627009646302251
consult_and_advise,Manage sustainability initiatives,7,3,3.5,4.0200000000000005,0,0.005627009646302251
consult_and_advise,Monitor compliance,7,2,3.5,4.102857142857142,0,0.005627009646302251
consult_and_advise,Operate flight systems,7,3,3.5,4.344285714285714,0,0.005627009646302251
consult_and_advise,Optimize chemical processes,7,5,3.5,3.9185714285714286,3,0.005627009646302251
consult_and_advise,Organize document systems,7,3,3.5,3.7114285714285713,1,0.005627009646302251
consult_and_advise,Provide dental care,7,5,3.5,4.569999999999999,0,0.005627009646302251
consult_and_advise,Provide maternity care,7,2,3.5,4.147142857142858,0,0.005627009646302251
consult_and_advise,Provide nutrition counseling,7,2,3.5,4.021428571428571,0,0.005627009646302251
consult_and_advise,Support crop production,7,2,3.5,3.5585714285714287,2,0.005627009646302251
consult_and_advise,Administer databases,6,3,3.0,3.7019999999999995,0,0.00482315112540193
consult_and_advise,Analyze laboratory samples,6,5,3.0,4.3950000000000005,2,0.00482315112540193
consult_and_advise,Appraise property value,6,2,3.0,3.426666666666667,0,0.00482315112540193
consult_and_advise,Assist patient care,6,2,3.0,3.3433333333333337,5,0.00482315112540193
consult_and_advise,Control product quality,6,3,3.0,3.6266666666666665,0,0.00482315112540193
consult_and_advise,Coordinate emergency response,6,2,3.0,3.891666666666666,0,0.00482315112540193
consult_and_advise,Create technical drawings,6,3,3.0,3.9183333333333334,0,0.00482315112540193
consult_and_advise,Deliver radiation treatment,6,3,3.0,4.555,0,0.00482315112540193
consult_and_advise,Design solar systems,6,3,3.0,4.156666666666666,0,0.00482315112540193
consult_and_advise,Develop product designs,6,2,3.0,3.933333333333333,0,0.00482315112540193
consult_and_advise,Draft engineering plans,6,3,3.0,3.66,3,0.00482315112540193
consult_and_advise,Improve soil systems,6,2,3.0,3.83,0,0.00482315112540193
consult_and_advise,Lead religious services,6,2,3.0,4.114999999999999,0,0.00482315112540193
consult_and_advise,Manage construction projects,6,4,3.0,3.9883333333333333,0,0.00482315112540193
consult_and_advise,Manage library services,6,2,3.0,3.841666666666667,1,0.00482315112540193
consult_and_advise,Procure farm products,6,3,3.0,3.563333333333334,0,0.00482315112540193
consult_and_advise,Administer education programs,5,1,2.5,3.808,0,0.0040192926045016075
consult_and_advise,Analyze remote sensing data,5,2,2.5,3.8866666666666667,0,0.0040192926045016075
consult_and_advise,Conduct survey research,5,4,2.5,3.754,2,0.0040192926045016075
consult_and_advise,Coordinate curriculum improvement,5,1,2.5,3.8666666666666667,0,0.0040192926045016075
consult_and_advise,Coordinate production supply,5,1,2.5,3.6100000000000003,0,0.0040192926045016075
consult_and_advise,Curate historical records,5,2,2.5,3.6439999999999997,0,0.0040192926045016075
consult_and_advise,Deliver creative therapy,5,2,2.5,3.944,0,0.0040192926045016075
consult_and_advise,Dispense medications,5,2,2.5,4.151999999999999,0,0.0040192926045016075
consult_and_advise,Inspect and investigate,5,4,2.5,3.972,0,0.0040192926045016075
consult_and_advise,Manage agricultural production,5,2,2.5,3.7660000000000005,3,0.0040192926045016075
consult_and_advise,Manage projects,5,2,2.5,4.165,0,0.0040192926045016075
consult_and_advise,Manage public relations,5,2,2.5,3.9675,0,0.0040192926045016075
consult_and_advise,Operate wind facilities,5,3,2.5,3.6759999999999997,0,0.0040192926045016075
consult_and_advise,Organize recreation activities,5,2,2.5,4.128,0,0.0040192926045016075
consult_and_advise,Perform dance routines,5,3,2.5,4.022,2,0.0040192926045016075
consult_and_advise,Produce media content,5,4,2.5,3.61,0,0.0040192926045016075
consult_and_advise,Study water resources,5,3,2.5,3.22,0,0.0040192926045016075
consult_and_advise,Support classroom learning,5,3,2.5,4.15,3,0.0040192926045016075
consult_and_advise,Support rehabilitation therapy,5,2,2.5,3.8339999999999996,0,0.0040192926045016075
consult_and_advise,Test material performance,5,2,2.5,3.742,0,0.0040192926045016075
consult_and_advise,Test software quality,5,1,2.5,3.7225,0,0.0040192926045016075
consult_and_advise,Translate and interpret,5,2,2.5,4.036,0,0.0040192926045016075
consult_and_advise,Advance genetics research,4,1,2.0,4.415,0,0.003215434083601286
consult_and_advise,Analyze bioinformatics data,4,2,2.0,3.635,0,0.003215434083601286
consult_and_advise,Arrange funeral services,4,2,2.0,4.5,0,0.003215434083601286
consult_and_advise,Assess cardiovascular function,4,1,2.0,,0,0.003215434083601286
consult_and_advise,Assess hearing function,4,2,2.0,4.390000000000001,0,0.003215434083601286
consult_and_advise,Assess industrial impacts,4,1,2.0,3.4975,0,0.003215434083601286
consult_and_advise,Assess learner progress,4,1,2.0,3.3575,0,0.003215434083601286
consult_and_advise,Capture and edit images,4,3,2.0,3.7024999999999997,2,0.003215434083601286
consult_and_advise,Conduct scientific research,4,2,2.0,3.5125,0,0.003215434083601286
consult_and_advise,Create crafted designs,4,3,2.0,3.865,0,0.003215434083601286
consult_and_advise,Develop building designs,4,2,2.0,4.0325,0,0.003215434083601286
consult_and_advise,Develop photonic systems,4,2,2.0,3.5575,0,0.003215434083601286
consult_and_advise,Improve animal production,4,4,2.0,4.165,1,0.003215434083601286
consult_and_advise,Improve production methods,4,2,2.0,3.7249999999999996,0,0.003215434083601286
consult_and_advise,Lead specialty nursing,4,1,2.0,4.2725,0,0.003215434083601286
consult_and_advise,Manage IT operations,4,2,2.0,3.6350000000000002,0,0.003215434083601286
consult_and_advise,Manage anesthesia care,4,2,2.0,4.3075,0,0.003215434083601286
consult_and_advise,Manage financial operations,4,3,2.0,4.1125,0,0.003215434083601286
consult_and_advise,Model water systems,4,2,2.0,3.6550000000000002,0,0.003215434083601286
consult_and_advise,Operate nuclear systems,4,3,2.0,3.7533333333333334,0,0.003215434083601286
consult_and_advise,Optimize manufacturing processes,4,3,2.0,3.6625,0,0.003215434083601286
consult_and_advise,Optimize search visibility,4,1,2.0,3.2875,0,0.003215434083601286
consult_and_advise,Provide hair services,4,2,2.0,4.1725,0,0.003215434083601286
consult_and_advise,Raise charitable funds,4,3,2.0,4.05,1,0.003215434083601286
consult_and_advise,Repair electromechanical systems,4,3,2.0,3.4850000000000003,0,0.003215434083601286
consult_and_advise,Support network systems,4,3,2.0,3.5475,0,0.003215434083601286
consult_and_advise,Track disease outbreaks,4,2,2.0,3.785,0,0.003215434083601286
consult_and_advise,Trade securities,4,1,2.0,4.1675,0,0.003215434083601286
consult_and_advise,Adjudicate disputes,3,3,1.5,4.04,0,0.002411575562700965
consult_and_advise,Assess speech disorders,3,1,1.5,4.086666666666667,0,0.002411575562700965
consult_and_advise,Build robotic systems,3,3,1.5,3.8266666666666667,1,0.002411575562700965
consult_and_advise,Coordinate logistics services,3,2,1.5,3.75,0,0.002411575562700965
consult_and_advise,Coordinate study protocols,3,1,1.5,3.526666666666667,0,0.002411575562700965
consult_and_advise,Design electrical systems,3,2,1.5,3.236666666666667,0,0.002411575562700965
consult_and_advise,Design marine systems,3,2,1.5,3.5666666666666664,0,0.002411575562700965
consult_and_advise,Determine benefit eligibility,3,2,1.5,4.336666666666667,0,0.002411575562700965
consult_and_advise,Evaluate student work,3,1,1.5,3.526666666666667,3,0.002411575562700965
consult_and_advise,Manage distribution operations,3,1,1.5,3.8866666666666667,0,0.002411575562700965
consult_and_advise,Manage forest resources,3,2,1.5,3.043333333333333,0,0.002411575562700965
consult_and_advise,Manage lodging operations,3,2,1.5,4.206666666666666,0,0.002411575562700965
consult_and_advise,Manage security operations,3,1,1.5,3.6933333333333334,0,0.002411575562700965
consult_and_advise,Plan remediation projects,3,2,1.5,3.5533333333333332,0,0.002411575562700965
consult_and_advise,Process online orders,3,1,1.5,3.84,0,0.002411575562700965
consult_and_advise,Produce news content,3,2,1.5,4.079999999999999,1,0.002411575562700965
consult_and_advise,Provide academic tutoring,3,2,1.5,3.34,0,0.002411575562700965
consult_and_advise,Provide animal care,3,2,1.5,4.263333333333334,0,0.002411575562700965
consult_and_advise,Test automotive systems,3,2,1.5,3.3766666666666665,0,0.002411575562700965
consult_and_advise,Advance nanoscale research,2,1,1.0,3.92,0,0.001607717041800643
consult_and_advise,Conduct biological research,2,1,1.0,3.31,0,0.001607717041800643
consult_and_advise,Craft precious items,2,2,1.0,3.705,0,0.001607717041800643
consult_and_advise,Deliver business intelligence,2,2,1.0,3.9699999999999998,1,0.001607717041800643
consult_and_advise,Develop training programs,2,1,1.0,4.085,2,0.001607717041800643
consult_and_advise,Engineer aerospace systems,2,2,1.0,4.3100000000000005,0,0.001607717041800643
consult_and_advise,Fabricate precision parts,2,2,1.0,4.0,1,0.001607717041800643
consult_and_advise,Install telecom equipment,2,1,1.0,3.3,0,0.001607717041800643
consult_and_advise,Investigate digital evidence,2,2,1.0,3.84,0,0.001607717041800643
consult_and_advise,Manage administrative operations,2,2,1.0,3.52,0,0.001607717041800643
consult_and_advise,Manage aquatic operations,2,2,1.0,4.154999999999999,0,0.001607717041800643
consult_and_advise,Manage biofuel operations,2,2,1.0,4.07,0,0.001607717041800643
consult_and_advise,Plan extraction operations,2,1,1.0,3.7199999999999998,0,0.001607717041800643
consult_and_advise,Protect information systems,2,2,1.0,3.94,0,0.001607717041800643
consult_and_advise,Supervise residential safety,2,1,1.0,4.17,0,0.001607717041800643
consult_and_advise,Support anesthesia procedures,2,1,1.0,4.355,0,0.001607717041800643
consult_and_advise,Track logistics flow,2,1,1.0,4.0,0,0.001607717041800643
consult_and_advise,Coordinate food preparation,1,1,0.5,4.69,0,0.0008038585209003215
consult_and_advise,Create visual media,1,1,0.5,4.45,0,0.0008038585209003215
consult_and_advise,Enforce public safety,1,1,0.5,3.59,0,0.0008038585209003215
consult_and_advise,Engage community outreach,1,1,0.5,2.89,1,0.0008038585209003215
consult_and_advise,Establish property boundaries,1,1,0.5,3.96,0,0.0008038585209003215
consult_and_advise,Install mechanical systems,1,1,0.5,4.27,1,0.0008038585209003215
consult_and_advise,Lead visitor programs,1,1,0.5,3.9,0,0.0008038585209003215
consult_and_advise,Maintain equipment,1,1,0.5,3.56,0,0.0008038585209003215
consult_and_advise,Process financial records,1,1,0.5,4.31,0,0.0008038585209003215
consult_and_advise,Repair control systems,1,1,0.5,3.36,0,0.0008038585209003215
consult_and_advise,Run geothermal plants,1,1,0.5,3.81,0,0.0008038585209003215
consult_and_advise,Teach and develop courses,1,1,0.5,4.11,1,0.0008038585209003215
create_visual_or_graphic_design,Coordinate creative production,18,6,9.0,4.045,6,0.0972972972972973
create_visual_or_graphic_design,Create crafted designs,13,1,6.5,3.666923076923077,0,0.07027027027027027
create_visual_or_graphic_design,Create technical drawings,13,3,6.5,3.667692307692308,0,0.07027027027027027
create_visual_or_graphic_design,Create visual media,10,3,5.0,3.7009999999999996,0,0.05405405405405406
create_visual_or_graphic_design,Deliver classroom instruction,8,8,4.0,4.03,0,0.043243243243243246
create_visual_or_graphic_design,Capture and edit images,7,2,3.5,3.674285714285714,2,0.03783783783783784
create_visual_or_graphic_design,Edit written content,7,4,3.5,3.975,4,0.03783783783783784
create_visual_or_graphic_design,Develop building designs,6,2,3.0,3.8666666666666667,0,0.032432432432432434
create_visual_or_graphic_design,Manage geospatial data,6,2,3.0,4.045000000000001,0,0.032432432432432434
create_visual_or_graphic_design,Sell technical products,5,2,2.5,3.8920000000000003,4,0.02702702702702703
create_visual_or_graphic_design,Conduct surveying work,4,1,2.0,3.7466666666666666,0,0.021621621621621623
create_visual_or_graphic_design,Support classroom learning,4,2,2.0,3.4625,0,0.021621621621621623
create_visual_or_graphic_design,Analyze investment risk,3,2,1.5,,0,0.016216216216216217
create_visual_or_graphic_design,Conduct scientific research,3,2,1.5,3.513333333333333,0,0.016216216216216217
create_visual_or_graphic_design,Fabricate precision parts,3,3,1.5,3.796666666666667,0,0.016216216216216217
create_visual_or_graphic_design,Manage health information,3,2,1.5,3.9699999999999998,0,0.016216216216216217
create_visual_or_graphic_design,Raise charitable funds,3,3,1.5,3.293333333333333,1,0.016216216216216217
create_visual_or_graphic_design,Analyze earth systems,2,2,1.0,4.265000000000001,0,0.010810810810810811
create_visual_or_graphic_design,Analyze remote sensing data,2,1,1.0,3.915,0,0.010810810810810811
create_visual_or_graphic_design,Analyze statistical data,2,2,1.0,4.3,0,0.010810810810810811
create_visual_or_graphic_design,Assess speech disorders,2,1,1.0,4.15,0,0.010810810810810811
create_visual_or_graphic_design,Deliver radiation treatment,2,2,1.0,4.595,0,0.010810810810810811
create_visual_or_graphic_design,Develop product designs,2,1,1.0,3.13,0,0.010810810810810811
create_visual_or_graphic_design,Lead visitor programs,2,1,1.0,3.365,0,0.010810810810810811
create_visual_or_graphic_design,Manage library services,2,2,1.0,3.265,0,0.010810810810810811
create_visual_or_graphic_design,Manage lodging operations,2,1,1.0,3.3,0,0.010810810810810811
create_visual_or_graphic_design,Manage public relations,2,1,1.0,,0,0.010810810810810811
create_visual_or_graphic_design,Manage sustainability initiatives,2,2,1.0,3.68,0,0.010810810810810811
create_visual_or_graphic_design,Optimize search visibility,2,1,1.0,3.12,0,0.010810810810810811
create_visual_or_graphic_design,Perform eye diagnostics,2,1,1.0,4.1,0,0.010810810810810811
create_visual_or_graphic_design,Plan marketing campaigns,2,2,1.0,2.7,0,0.010810810810810811
create_visual_or_graphic_design,Process online orders,2,1,1.0,3.665,0,0.010810810810810811
create_visual_or_graphic_design,Administer databases,1,1,0.5,,0,0.005405405405405406
create_visual_or_graphic_design,Advance academic research,1,1,0.5,3.44,1,0.005405405405405406
create_visual_or_graphic_design,Advance genetics research,1,1,0.5,4.17,0,0.005405405405405406
create_visual_or_graphic_design,Analyze bioinformatics data,1,1,0.5,3.39,0,0.005405405405405406
create_visual_or_graphic_design,Analyze laboratory samples,1,1,0.5,4.57,0,0.005405405405405406
create_visual_or_graphic_design,Apply legal analysis,1,1,0.5,3.67,0,0.005405405405405406
create_visual_or_graphic_design,Appraise property value,1,1,0.5,3.29,0,0.005405405405405406
create_visual_or_graphic_design,Assess learner progress,1,1,0.5,3.65,0,0.005405405405405406
create_visual_or_graphic_design,Coordinate food preparation,1,1,0.5,3.83,0,0.005405405405405406
create_visual_or_graphic_design,Coordinate production supply,1,1,0.5,3.35,0,0.005405405405405406
create_visual_or_graphic_design,Coordinate study protocols,1,1,0.5,3.27,0,0.005405405405405406
create_visual_or_graphic_design,Coordinate wellness programs,1,1,0.5,3.69,0,0.005405405405405406
create_visual_or_graphic_design,Deliver college instruction,1,1,0.5,3.61,0,0.005405405405405406
create_visual_or_graphic_design,Deliver creative therapy,1,1,0.5,4.04,0,0.005405405405405406
create_visual_or_graphic_design,Develop training programs,1,1,0.5,4.08,0,0.005405405405405406
create_visual_or_graphic_design,Develop web applications,1,1,0.5,,0,0.005405405405405406
create_visual_or_graphic_design,Diagnose vision conditions,1,1,0.5,3.5,0,0.005405405405405406
create_visual_or_graphic_design,Direct media production,1,1,0.5,3.81,0,0.005405405405405406
create_visual_or_graphic_design,Direct organizational strategy,1,1,0.5,3.55,0,0.005405405405405406
create_visual_or_graphic_design,Engineer aerospace systems,1,1,0.5,2.95,0,0.005405405405405406
create_visual_or_graphic_design,Improve soil systems,1,1,0.5,3.72,0,0.005405405405405406
create_visual_or_graphic_design,Investigate digital evidence,1,1,0.5,4.67,0,0.005405405405405406
create_visual_or_graphic_design,Investigate fraud,1,1,0.5,3.62,0,0.005405405405405406
create_visual_or_graphic_design,Manage agricultural production,1,1,0.5,3.69,1,0.005405405405405406
create_visual_or_graphic_design,Manage performer careers,1,1,0.5,4.63,0,0.005405405405405406
create_visual_or_graphic_design,Manage projects,1,1,0.5,,0,0.005405405405405406
create_visual_or_graphic_design,Operate wind facilities,1,1,0.5,3.88,0,0.005405405405405406
create_visual_or_graphic_design,Oversee engineering projects,1,1,0.5,3.43,1,0.005405405405405406
create_visual_or_graphic_design,Perform dance routines,1,1,0.5,3.67,1,0.005405405405405406
create_visual_or_graphic_design,Plan remediation projects,1,1,0.5,3.22,0,0.005405405405405406
create_visual_or_graphic_design,Plan transportation systems,1,1,0.5,3.47,1,0.005405405405405406
create_visual_or_graphic_design,Produce media content,1,1,0.5,3.27,0,0.005405405405405406
create_visual_or_graphic_design,Protect information systems,1,1,0.5,,0,0.005405405405405406
create_visual_or_graphic_design,Provide dental care,1,1,0.5,3.4,0,0.005405405405405406
create_visual_or_graphic_design,Provide hair services,1,1,0.5,2.81,0,0.005405405405405406
create_visual_or_graphic_design,Provide manual treatment,1,1,0.5,3.21,1,0.005405405405405406
create_visual_or_graphic_design,Repair electromechanical systems,1,1,0.5,3.16,0,0.005405405405405406
create_visual_or_graphic_design,Study water resources,1,1,0.5,4.13,0,0.005405405405405406
create_visual_or_graphic_design,Support network systems,1,1,0.5,3.11,0,0.005405405405405406
design_technical_artefact,Fabricate precision parts,27,6,13.5,4.0,2,0.0430622009569378
design_technical_artefact,Create crafted designs,23,3,11.5,4.06695652173913,0,0.03668261562998405
design_technical_artefact,Optimize manufacturing processes,21,3,10.5,3.5947619047619046,0,0.03349282296650718
design_technical_artefact,Build robotic systems,18,3,9.0,3.5566666666666666,8,0.028708133971291867
design_technical_artefact,Develop web applications,17,4,8.5,3.5,0,0.02711323763955343
design_technical_artefact,Administer databases,15,3,7.5,3.9145454545454546,0,0.023923444976076555
design_technical_artefact,Develop building designs,15,2,7.5,3.8800000000000003,0,0.023923444976076555
design_technical_artefact,Create technical drawings,14,5,7.0,4.192142857142857,0,0.022328548644338118
design_technical_artefact,Repair electromechanical systems,14,3,7.0,3.553846153846154,0,0.022328548644338118
design_technical_artefact,Develop photonic systems,13,2,6.5,3.210769230769231,0,0.02073365231259968
design_technical_artefact,Plan transportation systems,13,5,6.5,3.883076923076923,5,0.02073365231259968
design_technical_artefact,Analyze organizational problems,12,4,6.0,3.518333333333333,0,0.019138755980861243
design_technical_artefact,Coordinate creative production,12,4,6.0,4.275833333333334,5,0.019138755980861243
design_technical_artefact,Develop product designs,12,2,6.0,3.905,0,0.019138755980861243
design_technical_artefact,Engineer aerospace systems,12,4,6.0,3.4536363636363636,0,0.019138755980861243
design_technical_artefact,Manage performer careers,12,2,6.0,3.7891666666666666,0,0.019138755980861243
design_technical_artefact,Design micro systems,11,1,5.5,3.554,0,0.017543859649122806
design_technical_artefact,Sell technical products,11,3,5.5,3.9472727272727273,9,0.017543859649122806
design_technical_artefact,Test automotive systems,11,2,5.5,3.566363636363637,0,0.017543859649122806
design_technical_artefact,Capture and edit images,10,3,5.0,3.938,8,0.01594896331738437
design_technical_artefact,Design solar systems,10,4,5.0,3.8609999999999998,0,0.01594896331738437
design_technical_artefact,Model water systems,10,2,5.0,3.814,0,0.01594896331738437
design_technical_artefact,Provide dental care,10,7,5.0,4.231,0,0.01594896331738437
design_technical_artefact,Advance nanoscale research,9,1,4.5,3.02,0,0.014354066985645933
design_technical_artefact,Analyze statistical data,9,7,4.5,3.9924999999999997,5,0.014354066985645933
design_technical_artefact,Coordinate logistics services,9,2,4.5,3.714444444444444,0,0.014354066985645933
design_technical_artefact,Optimize chemical processes,9,4,4.5,3.605555555555556,4,0.014354066985645933
design_technical_artefact,Design biomedical systems,8,2,4.0,3.9475,4,0.012759170653907496
design_technical_artefact,Design computer systems,8,2,4.0,3.6062499999999997,0,0.012759170653907496
design_technical_artefact,Design electrical systems,8,2,4.0,3.56875,0,0.012759170653907496
design_technical_artefact,Install electrical wiring,8,4,4.0,3.85625,2,0.012759170653907496
design_technical_artefact,Analyze bioinformatics data,7,2,3.5,3.6471428571428572,0,0.011164274322169059
design_technical_artefact,Optimize search visibility,7,1,3.5,3.3685714285714283,0,0.011164274322169059
design_technical_artefact,Perform dance routines,7,3,3.5,3.6285714285714286,1,0.011164274322169059
design_technical_artefact,Plan extraction operations,7,2,3.5,3.4642857142857144,0,0.011164274322169059
design_technical_artefact,Craft precious items,6,1,3.0,3.705,0,0.009569377990430622
design_technical_artefact,Deliver college instruction,6,1,3.0,4.283333333333334,6,0.009569377990430622
design_technical_artefact,Deliver radiation treatment,6,2,3.0,4.211666666666667,0,0.009569377990430622
design_technical_artefact,Organize document systems,6,2,3.0,3.78,0,0.009569377990430622
design_technical_artefact,Support crop production,6,2,3.0,3.5966666666666662,5,0.009569377990430622
design_technical_artefact,Support network systems,6,2,3.0,3.561666666666667,0,0.009569377990430622
design_technical_artefact,Coordinate production supply,5,2,2.5,3.682,0,0.007974481658692184
design_technical_artefact,Design marine systems,5,1,2.5,3.682,0,0.007974481658692184
design_technical_artefact,Direct media production,5,2,2.5,3.9260000000000006,0,0.007974481658692184
design_technical_artefact,Improve production methods,5,2,2.5,3.63,0,0.007974481658692184
design_technical_artefact,Install piping systems,5,2,2.5,4.1579999999999995,0,0.007974481658692184
design_technical_artefact,Manage geospatial data,5,2,2.5,3.8659999999999997,0,0.007974481658692184
design_technical_artefact,Operate wind facilities,5,2,2.5,3.3600000000000003,0,0.007974481658692184
design_technical_artefact,Produce media content,5,3,2.5,3.3579999999999997,0,0.007974481658692184
design_technical_artefact,Protect information systems,5,3,2.5,3.53,0,0.007974481658692184
design_technical_artefact,Deliver business intelligence,4,2,2.0,3.9875000000000003,3,0.006379585326953748
design_technical_artefact,Deliver classroom instruction,4,4,2.0,3.9375,1,0.006379585326953748
design_technical_artefact,Edit written content,4,3,2.0,4.0425,2,0.006379585326953748
design_technical_artefact,Manage health information,4,2,2.0,4.333333333333333,0,0.006379585326953748
design_technical_artefact,Oversee engineering projects,4,3,2.0,3.175,1,0.006379585326953748
design_technical_artefact,Study water resources,4,2,2.0,3.335,0,0.006379585326953748
design_technical_artefact,Supervise field crews,4,3,2.0,3.1675,0,0.006379585326953748
design_technical_artefact,Analyze investment risk,3,2,1.5,2.4699999999999998,0,0.004784688995215311
design_technical_artefact,Create visual media,3,2,1.5,3.8533333333333335,0,0.004784688995215311
design_technical_artefact,Deliver creative therapy,3,2,1.5,4.566666666666666,0,0.004784688995215311
design_technical_artefact,Inspect and investigate,3,3,1.5,4.19,0,0.004784688995215311
design_technical_artefact,Maintain equipment,3,2,1.5,3.9566666666666666,0,0.004784688995215311
design_technical_artefact,Manage biofuel operations,3,1,1.5,3.356666666666667,0,0.004784688995215311
design_technical_artefact,Manage security operations,3,1,1.5,3.7166666666666663,0,0.004784688995215311
design_technical_artefact,Operate nuclear systems,3,1,1.5,4.146666666666667,0,0.004784688995215311
design_technical_artefact,Administer compensation benefits,2,1,1.0,4.085,0,0.003189792663476874
design_technical_artefact,Advance academic research,2,2,1.0,3.58,2,0.003189792663476874
design_technical_artefact,Analyze earth systems,2,1,1.0,3.2649999999999997,0,0.003189792663476874
design_technical_artefact,Assess industrial impacts,2,1,1.0,3.795,0,0.003189792663476874
design_technical_artefact,Conduct biological research,2,2,1.0,3.25,0,0.003189792663476874
design_technical_artefact,Conduct scientific research,2,2,1.0,4.225,0,0.003189792663476874
design_technical_artefact,Conduct survey research,2,2,1.0,3.995,0,0.003189792663476874
design_technical_artefact,Conduct surveying work,2,1,1.0,4.119999999999999,0,0.003189792663476874
design_technical_artefact,Control product quality,2,2,1.0,3.435,0,0.003189792663476874
design_technical_artefact,Coordinate curriculum improvement,2,1,1.0,,0,0.003189792663476874
design_technical_artefact,Draft engineering plans,2,2,1.0,3.6550000000000002,0,0.003189792663476874
design_technical_artefact,Evaluate insurance claims,2,1,1.0,3.7,0,0.003189792663476874
design_technical_artefact,Improve energy efficiency,2,1,1.0,3.4450000000000003,0,0.003189792663476874
design_technical_artefact,Install mechanical systems,2,2,1.0,4.035,1,0.003189792663476874
design_technical_artefact,Manage administrative operations,2,2,1.0,3.415,1,0.003189792663476874
design_technical_artefact,Manage construction projects,2,1,1.0,3.92,0,0.003189792663476874
design_technical_artefact,Manage forest resources,2,1,1.0,3.475,0,0.003189792663476874
design_technical_artefact,Plan marketing campaigns,2,2,1.0,3.44,1,0.003189792663476874
design_technical_artefact,Plan remediation projects,2,2,1.0,3.2199999999999998,0,0.003189792663476874
design_technical_artefact,Process online orders,2,1,1.0,4.075,0,0.003189792663476874
design_technical_artefact,Repair mechanical equipment,2,2,1.0,3.5700000000000003,1,0.003189792663476874
design_technical_artefact,Support rehabilitation therapy,2,2,1.0,4.27,0,0.003189792663476874
design_technical_artefact,Teach and develop courses,2,2,1.0,4.085,1,0.003189792663476874
design_technical_artefact,Test material performance,2,2,1.0,3.6950000000000003,0,0.003189792663476874
design_technical_artefact,Advance genetics research,1,1,0.5,3.29,0,0.001594896331738437
design_technical_artefact,Analyze laboratory samples,1,1,0.5,3.31,1,0.001594896331738437
design_technical_artefact,Analyze remote sensing data,1,1,0.5,3.13,0,0.001594896331738437
design_technical_artefact,Assess cardiovascular function,1,1,0.5,,1,0.001594896331738437
design_technical_artefact,Assess hearing function,1,1,0.5,4.45,0,0.001594896331738437
design_technical_artefact,Broker real estate deals,1,1,0.5,3.5,1,0.001594896331738437
design_technical_artefact,Coordinate food preparation,1,1,0.5,3.42,0,0.001594896331738437
design_technical_artefact,Coordinate study protocols,1,1,0.5,3.58,0,0.001594896331738437
design_technical_artefact,Curate historical records,1,1,0.5,2.46,0,0.001594896331738437
design_technical_artefact,Establish property boundaries,1,1,0.5,2.88,1,0.001594896331738437
design_technical_artefact,Improve soil systems,1,1,0.5,4.15,0,0.001594896331738437
design_technical_artefact,Install telecom equipment,1,1,0.5,2.91,0,0.001594896331738437
design_technical_artefact,Manage IT operations,1,1,0.5,3.63,0,0.001594896331738437
design_technical_artefact,Manage agricultural production,1,1,0.5,3.6,0,0.001594896331738437
design_technical_artefact,Manage distribution operations,1,1,0.5,3.55,0,0.001594896331738437
design_technical_artefact,Manage financial operations,1,1,0.5,4.61,0,0.001594896331738437
design_technical_artefact,Manage lodging operations,1,1,0.5,3.71,0,0.001594896331738437
design_technical_artefact,Manage sustainability initiatives,1,1,0.5,4.33,0,0.001594896331738437
design_technical_artefact,Manage workplace safety,1,1,0.5,3.31,1,0.001594896331738437
design_technical_artefact,Procure farm products,1,1,0.5,4.25,0,0.001594896331738437
design_technical_artefact,Provide emergency medicine,1,1,0.5,3.84,0,0.001594896331738437
design_technical_artefact,Provide manual treatment,1,1,0.5,3.72,0,0.001594896331738437
design_technical_artefact,Provide nutrition counseling,1,1,0.5,3.75,0,0.001594896331738437
design_technical_artefact,Test software quality,1,1,0.5,3.6,0,0.001594896331738437
design_technical_artefact,Track logistics flow,1,1,0.5,2.92,0,0.001594896331738437
design_technical_artefact,Trade securities,1,1,0.5,4.23,0,0.001594896331738437
design_technical_artefact,Translate and interpret,1,1,0.5,4.23,0,0.001594896331738437
develop_and_implement_treatment_plans,Deliver classroom instruction,18,13,9.0,4.25875,1,0.11764705882352941
develop_and_implement_treatment_plans,Provide behavioral counseling,11,4,5.5,4.337272727272727,4,0.0718954248366013
develop_and_implement_treatment_plans,Deliver creative therapy,8,2,4.0,4.33125,0,0.05228758169934641
develop_and_implement_treatment_plans,Deliver physical therapy,6,2,3.0,4.336666666666667,2,0.0392156862745098
develop_and_implement_treatment_plans,Diagnose vision conditions,6,4,3.0,4.59,0,0.0392156862745098
develop_and_implement_treatment_plans,Plan remediation projects,6,2,3.0,3.3533333333333335,0,0.0392156862745098
develop_and_implement_treatment_plans,Coordinate social services,5,4,2.5,3.964,1,0.032679738562091505
develop_and_implement_treatment_plans,Deliver radiation treatment,5,3,2.5,4.446,0,0.032679738562091505
develop_and_implement_treatment_plans,Provide nursing care,5,3,2.5,4.319999999999999,0,0.032679738562091505
develop_and_implement_treatment_plans,Support rehabilitation therapy,5,2,2.5,4.4479999999999995,0,0.032679738562091505
develop_and_implement_treatment_plans,Treat physical disability,5,3,2.5,3.95,2,0.032679738562091505
develop_and_implement_treatment_plans,Assess cardiovascular function,4,2,2.0,4.54,1,0.026143790849673203
develop_and_implement_treatment_plans,Assess neurological function,4,4,2.0,4.2075,0,0.026143790849673203
develop_and_implement_treatment_plans,Provide emergency medicine,4,4,2.0,4.263333333333333,0,0.026143790849673203
develop_and_implement_treatment_plans,Provide maternity care,4,2,2.0,4.205,0,0.026143790849673203
develop_and_implement_treatment_plans,Assess speech disorders,3,2,1.5,4.846666666666667,0,0.0196078431372549
develop_and_implement_treatment_plans,Coordinate wellness programs,3,2,1.5,4.576666666666667,0,0.0196078431372549
develop_and_implement_treatment_plans,Diagnose mental health,3,1,1.5,4.286666666666666,0,0.0196078431372549
develop_and_implement_treatment_plans,Diagnose psychiatric conditions,3,2,1.5,4.63,0,0.0196078431372549
develop_and_implement_treatment_plans,Lead specialty nursing,3,2,1.5,3.6933333333333334,1,0.0196078431372549
develop_and_implement_treatment_plans,Organize recreation activities,3,2,1.5,4.093333333333334,0,0.0196078431372549
develop_and_implement_treatment_plans,Analyze economic trends,2,1,1.0,4.465,2,0.013071895424836602
develop_and_implement_treatment_plans,Assess credit risk,2,2,1.0,3.8,0,0.013071895424836602
develop_and_implement_treatment_plans,Assess hearing function,2,1,1.0,4.119999999999999,0,0.013071895424836602
develop_and_implement_treatment_plans,Improve soil systems,2,2,1.0,3.89,0,0.013071895424836602
develop_and_implement_treatment_plans,Oversee engineering projects,2,2,1.0,3.08,1,0.013071895424836602
develop_and_implement_treatment_plans,Provide dental care,2,2,1.0,4.74,0,0.013071895424836602
develop_and_implement_treatment_plans,Provide manual treatment,2,1,1.0,4.805,0,0.013071895424836602
develop_and_implement_treatment_plans,Provide nutrition counseling,2,1,1.0,4.545,0,0.013071895424836602
develop_and_implement_treatment_plans,Supervise residential safety,2,1,1.0,4.0,0,0.013071895424836602
develop_and_implement_treatment_plans,Support classroom learning,2,2,1.0,4.375,1,0.013071895424836602
develop_and_implement_treatment_plans,Advance genetics research,1,1,0.5,4.57,0,0.006535947712418301
develop_and_implement_treatment_plans,Analyze investment risk,1,1,0.5,,0,0.006535947712418301
develop_and_implement_treatment_plans,Assess industrial impacts,1,1,0.5,3.35,0,0.006535947712418301
develop_and_implement_treatment_plans,Assess learner progress,1,1,0.5,3.67,0,0.006535947712418301
develop_and_implement_treatment_plans,Assist patient care,1,1,0.5,4.14,1,0.006535947712418301
develop_and_implement_treatment_plans,Build robotic systems,1,1,0.5,3.32,0,0.006535947712418301
develop_and_implement_treatment_plans,Diagnose skin conditions,1,1,0.5,4.72,1,0.006535947712418301
develop_and_implement_treatment_plans,Direct organizational strategy,1,1,0.5,4.14,0,0.006535947712418301
develop_and_implement_treatment_plans,Improve animal production,1,1,0.5,3.81,0,0.006535947712418301
develop_and_implement_treatment_plans,Manage anesthesia care,1,1,0.5,4.65,0,0.006535947712418301
develop_and_implement_treatment_plans,Manage performer careers,1,1,0.5,3.79,0,0.006535947712418301
develop_and_implement_treatment_plans,Manage public relations,1,1,0.5,2.83,0,0.006535947712418301
develop_and_implement_treatment_plans,Manage workplace safety,1,1,0.5,3.44,0,0.006535947712418301
develop_and_implement_treatment_plans,Model water systems,1,1,0.5,3.67,0,0.006535947712418301
develop_and_implement_treatment_plans,Operate flight systems,1,1,0.5,4.82,0,0.006535947712418301
develop_and_implement_treatment_plans,Operate nuclear systems,1,1,0.5,3.95,0,0.006535947712418301
develop_and_implement_treatment_plans,Provide academic tutoring,1,1,0.5,3.83,0,0.006535947712418301
develop_and_implement_treatment_plans,Provide animal care,1,1,0.5,3.51,0,0.006535947712418301
develop_and_implement_treatment_plans,Trade securities,1,1,0.5,4.28,0,0.006535947712418301
develop_methods_or_techniques,Teach and develop courses,39,26,19.5,4.250512820512821,0,0.06190476190476191
develop_methods_or_techniques,Deliver classroom instruction,34,14,17.0,4.12,0,0.05396825396825397
develop_methods_or_techniques,Analyze statistical data,19,5,9.5,3.895263157894737,12,0.03015873015873016
develop_methods_or_techniques,Analyze laboratory samples,13,3,6.5,4.321538461538461,5,0.020634920634920634
develop_methods_or_techniques,Administer compensation benefits,11,4,5.5,3.589090909090909,0,0.01746031746031746
develop_methods_or_techniques,Control product quality,10,3,5.0,3.8339999999999996,0,0.015873015873015872
develop_methods_or_techniques,Develop web applications,10,3,5.0,3.6757142857142857,0,0.015873015873015872
develop_methods_or_techniques,Support network systems,10,4,5.0,3.507,0,0.015873015873015872
develop_methods_or_techniques,Analyze investment risk,9,2,4.5,3.6980000000000004,0,0.014285714285714285
develop_methods_or_techniques,Coordinate production supply,8,3,4.0,3.9283333333333332,0,0.012698412698412698
develop_methods_or_techniques,Develop training programs,8,3,4.0,3.87125,2,0.012698412698412698
develop_methods_or_techniques,Manage construction projects,8,3,4.0,3.605,0,0.012698412698412698
develop_methods_or_techniques,Plan marketing campaigns,8,4,4.0,3.69,4,0.012698412698412698
develop_methods_or_techniques,Supervise field crews,8,7,4.0,3.7485714285714287,0,0.012698412698412698
develop_methods_or_techniques,Administer databases,7,2,3.5,3.6271428571428572,0,0.011111111111111112
develop_methods_or_techniques,Improve production methods,7,2,3.5,3.435,0,0.011111111111111112
develop_methods_or_techniques,Lead specialty nursing,7,1,3.5,4.234285714285714,0,0.011111111111111112
develop_methods_or_techniques,Manage regulatory submissions,7,2,3.5,4.022857142857143,0,0.011111111111111112
develop_methods_or_techniques,Optimize chemical processes,7,5,3.5,3.744285714285714,1,0.011111111111111112
develop_methods_or_techniques,Organize document systems,7,3,3.5,4.128571428571428,1,0.011111111111111112
develop_methods_or_techniques,Protect information systems,7,3,3.5,4.1625,0,0.011111111111111112
develop_methods_or_techniques,Raise charitable funds,7,3,3.5,4.025714285714286,2,0.011111111111111112
develop_methods_or_techniques,Advance nanoscale research,6,2,3.0,3.2816666666666667,0,0.009523809523809525
develop_methods_or_techniques,Conduct survey research,6,3,3.0,4.001666666666667,2,0.009523809523809525
develop_methods_or_techniques,Coordinate logistics services,6,2,3.0,3.4,0,0.009523809523809525
develop_methods_or_techniques,Improve soil systems,6,2,3.0,3.5666666666666664,0,0.009523809523809525
develop_methods_or_techniques,Manage agricultural production,6,2,3.0,3.4283333333333332,0,0.009523809523809525
develop_methods_or_techniques,Manage security operations,6,2,3.0,4.05,0,0.009523809523809525
develop_methods_or_techniques,Manage sustainability initiatives,6,3,3.0,3.905,0,0.009523809523809525
develop_methods_or_techniques,Oversee engineering projects,6,3,3.0,3.388333333333333,4,0.009523809523809525
develop_methods_or_techniques,Repair electromechanical systems,6,3,3.0,3.4520000000000004,0,0.009523809523809525
develop_methods_or_techniques,Analyze bioinformatics data,5,2,2.5,3.838,0,0.007936507936507936
develop_methods_or_techniques,Deliver college instruction,5,2,2.5,4.056,0,0.007936507936507936
develop_methods_or_techniques,Design biomedical systems,5,2,2.5,3.344,2,0.007936507936507936
develop_methods_or_techniques,Improve animal production,5,3,2.5,3.624,0,0.007936507936507936
develop_methods_or_techniques,Manage administrative operations,5,2,2.5,3.8200000000000003,0,0.007936507936507936
develop_methods_or_techniques,Manage biofuel operations,5,1,2.5,3.522,0,0.007936507936507936
develop_methods_or_techniques,Manage health information,5,3,2.5,3.94,0,0.007936507936507936
develop_methods_or_techniques,Model water systems,5,2,2.5,3.346,0,0.007936507936507936
develop_methods_or_techniques,Optimize manufacturing processes,5,3,2.5,3.686,0,0.007936507936507936
develop_methods_or_techniques,Plan transportation systems,5,3,2.5,3.492,1,0.007936507936507936
develop_methods_or_techniques,Test automotive systems,5,2,2.5,3.8,0,0.007936507936507936
develop_methods_or_techniques,Test material performance,5,2,2.5,3.9219999999999997,0,0.007936507936507936
develop_methods_or_techniques,Administer education programs,4,2,2.0,4.135,0,0.006349206349206349
develop_methods_or_techniques,Advance academic research,4,3,2.0,4.01,3,0.006349206349206349
develop_methods_or_techniques,Analyze remote sensing data,4,1,2.0,3.6375,0,0.006349206349206349
develop_methods_or_techniques,Assess industrial impacts,4,1,2.0,3.41,0,0.006349206349206349
develop_methods_or_techniques,Conduct biological research,4,2,2.0,3.6575,0,0.006349206349206349
develop_methods_or_techniques,Coordinate curriculum improvement,4,1,2.0,3.71,0,0.006349206349206349
develop_methods_or_techniques,Coordinate emergency response,4,2,2.0,3.4475,0,0.006349206349206349
develop_methods_or_techniques,Coordinate wellness programs,4,3,2.0,4.305,0,0.006349206349206349
develop_methods_or_techniques,Design electrical systems,4,2,2.0,3.1925,0,0.006349206349206349
develop_methods_or_techniques,Design micro systems,4,1,2.0,3.385,0,0.006349206349206349
develop_methods_or_techniques,Develop photonic systems,4,2,2.0,3.32,0,0.006349206349206349
develop_methods_or_techniques,Diagnose vision conditions,4,3,2.0,4.335,0,0.006349206349206349
develop_methods_or_techniques,Direct media production,4,4,2.0,3.73,1,0.006349206349206349
develop_methods_or_techniques,Draft engineering plans,4,2,2.0,3.2525,3,0.006349206349206349
develop_methods_or_techniques,Improve energy efficiency,4,3,2.0,3.9825,3,0.006349206349206349
develop_methods_or_techniques,Investigate digital evidence,4,1,2.0,,0,0.006349206349206349
develop_methods_or_techniques,Lead religious services,4,2,2.0,3.9675,0,0.006349206349206349
develop_methods_or_techniques,Maintain equipment,4,2,2.0,4.0575,0,0.006349206349206349
develop_methods_or_techniques,Manage IT operations,4,2,2.0,3.6825,0,0.006349206349206349
develop_methods_or_techniques,Manage distribution operations,4,1,2.0,4.1033333333333335,0,0.006349206349206349
develop_methods_or_techniques,Manage workplace safety,4,3,2.0,3.6875,1,0.006349206349206349
develop_methods_or_techniques,Monitor compliance,4,2,2.0,3.6775,0,0.006349206349206349
develop_methods_or_techniques,Optimize search visibility,4,1,2.0,3.7125,0,0.006349206349206349
develop_methods_or_techniques,Serve academic governance,4,1,2.0,3.74,4,0.006349206349206349
develop_methods_or_techniques,Test software quality,4,1,2.0,4.3225,0,0.006349206349206349
develop_methods_or_techniques,Advance genetics research,3,1,1.5,3.1799999999999997,0,0.004761904761904762
develop_methods_or_techniques,Analyze organizational problems,3,2,1.5,3.473333333333333,0,0.004761904761904762
develop_methods_or_techniques,Assess learner progress,3,1,1.5,3.78,0,0.004761904761904762
develop_methods_or_techniques,Assess speech disorders,3,1,1.5,4.296666666666667,0,0.004761904761904762
develop_methods_or_techniques,Conduct scientific research,3,2,1.5,3.9033333333333338,0,0.004761904761904762
develop_methods_or_techniques,Coordinate creative production,3,2,1.5,3.893333333333333,0,0.004761904761904762
develop_methods_or_techniques,Create crafted designs,3,3,1.5,4.07,0,0.004761904761904762
develop_methods_or_techniques,Create technical drawings,3,2,1.5,3.8699999999999997,0,0.004761904761904762
develop_methods_or_techniques,Deliver creative therapy,3,2,1.5,3.69,0,0.004761904761904762
develop_methods_or_techniques,Develop product designs,3,2,1.5,3.6466666666666665,0,0.004761904761904762
develop_methods_or_techniques,Diagnose psychiatric conditions,3,2,1.5,4.166666666666667,0,0.004761904761904762
develop_methods_or_techniques,Establish property boundaries,3,1,1.5,3.36,0,0.004761904761904762
develop_methods_or_techniques,Inspect and investigate,3,3,1.5,3.703333333333333,0,0.004761904761904762
develop_methods_or_techniques,Lead visitor programs,3,2,1.5,3.5,0,0.004761904761904762
develop_methods_or_techniques,Manage financial operations,3,2,1.5,4.2299999999999995,0,0.004761904761904762
develop_methods_or_techniques,Manage forest resources,3,1,1.5,3.09,0,0.004761904761904762
develop_methods_or_techniques,Manage geospatial data,3,2,1.5,3.8449999999999998,0,0.004761904761904762
develop_methods_or_techniques,Manage lodging operations,3,3,1.5,3.8266666666666667,0,0.004761904761904762
develop_methods_or_techniques,Operate nuclear systems,3,3,1.5,3.953333333333333,0,0.004761904761904762
develop_methods_or_techniques,Provide behavioral counseling,3,3,1.5,3.9133333333333336,1,0.004761904761904762
develop_methods_or_techniques,Provide emergency medicine,3,3,1.5,3.62,0,0.004761904761904762
develop_methods_or_techniques,Run geothermal plants,3,2,1.5,3.716666666666667,0,0.004761904761904762
develop_methods_or_techniques,Support classroom learning,3,2,1.5,4.1033333333333335,2,0.004761904761904762
develop_methods_or_techniques,Teach postsecondary courses,3,2,1.5,4.403333333333333,0,0.004761904761904762
develop_methods_or_techniques,Track disease outbreaks,3,2,1.5,4.013333333333333,0,0.004761904761904762
develop_methods_or_techniques,Advise students,2,1,1.0,4.48,2,0.0031746031746031746
develop_methods_or_techniques,Analyze earth systems,2,1,1.0,3.21,0,0.0031746031746031746
develop_methods_or_techniques,Analyze economic trends,2,2,1.0,4.155,1,0.0031746031746031746
develop_methods_or_techniques,Apply legal analysis,2,2,1.0,3.585,0,0.0031746031746031746
develop_methods_or_techniques,Assess neurological function,2,2,1.0,4.355,0,0.0031746031746031746
develop_methods_or_techniques,Build robotic systems,2,1,1.0,3.2649999999999997,2,0.0031746031746031746
develop_methods_or_techniques,Curate historical records,2,2,1.0,4.135,0,0.0031746031746031746
develop_methods_or_techniques,Deliver business intelligence,2,2,1.0,3.875,1,0.0031746031746031746
develop_methods_or_techniques,Deliver radiation treatment,2,2,1.0,4.0,0,0.0031746031746031746
develop_methods_or_techniques,Design computer systems,2,2,1.0,3.96,0,0.0031746031746031746
develop_methods_or_techniques,Design marine systems,2,2,1.0,3.55,0,0.0031746031746031746
develop_methods_or_techniques,Design solar systems,2,1,1.0,3.605,0,0.0031746031746031746
develop_methods_or_techniques,Edit written content,2,2,1.0,3.435,2,0.0031746031746031746
develop_methods_or_techniques,Evaluate student work,2,1,1.0,4.220000000000001,2,0.0031746031746031746
develop_methods_or_techniques,Investigate fraud,2,2,1.0,3.99,1,0.0031746031746031746
develop_methods_or_techniques,Manage funds,2,2,1.0,4.12,0,0.0031746031746031746
develop_methods_or_techniques,Manage performer careers,2,1,1.0,3.2649999999999997,0,0.0031746031746031746
develop_methods_or_techniques,Manage public relations,2,1,1.0,,0,0.0031746031746031746
develop_methods_or_techniques,Operate wind facilities,2,2,1.0,3.6849999999999996,0,0.0031746031746031746
develop_methods_or_techniques,Plan extraction operations,2,1,1.0,3.895,0,0.0031746031746031746
develop_methods_or_techniques,Plan remediation projects,2,1,1.0,4.18,0,0.0031746031746031746
develop_methods_or_techniques,Process online orders,2,1,1.0,3.835,0,0.0031746031746031746
develop_methods_or_techniques,Procure farm products,2,2,1.0,3.4800000000000004,0,0.0031746031746031746
develop_methods_or_techniques,Provide academic tutoring,2,2,1.0,3.91,0,0.0031746031746031746
develop_methods_or_techniques,Provide dental care,2,2,1.0,4.09,0,0.0031746031746031746
develop_methods_or_techniques,Provide hair services,2,2,1.0,3.955,0,0.0031746031746031746
develop_methods_or_techniques,Provide nursing care,2,2,1.0,3.61,0,0.0031746031746031746
develop_methods_or_techniques,Provide nutrition counseling,2,1,1.0,2.985,0,0.0031746031746031746
develop_methods_or_techniques,Study water resources,2,2,1.0,3.36,0,0.0031746031746031746
develop_methods_or_techniques,Support crop production,2,2,1.0,3.45,0,0.0031746031746031746
develop_methods_or_techniques,Treat physical disability,2,2,1.0,3.685,1,0.0031746031746031746
develop_methods_or_techniques,Adjudicate disputes,1,1,0.5,4.41,0,0.0015873015873015873
develop_methods_or_techniques,Appraise property value,1,1,0.5,3.71,0,0.0015873015873015873
develop_methods_or_techniques,Assess cardiovascular function,1,1,0.5,,1,0.0015873015873015873
develop_methods_or_techniques,Assess hearing function,1,1,0.5,3.67,0,0.0015873015873015873
develop_methods_or_techniques,Capture and edit images,1,1,0.5,3.56,0,0.0015873015873015873
develop_methods_or_techniques,Conduct surveying work,1,1,0.5,3.5,0,0.0015873015873015873
develop_methods_or_techniques,Coordinate food preparation,1,1,0.5,3.58,0,0.0015873015873015873
develop_methods_or_techniques,Coordinate social services,1,1,0.5,3.73,0,0.0015873015873015873
develop_methods_or_techniques,Coordinate study protocols,1,1,0.5,3.74,0,0.0015873015873015873
develop_methods_or_techniques,Diagnose skin conditions,1,1,0.5,3.73,1,0.0015873015873015873
develop_methods_or_techniques,Direct organizational strategy,1,1,0.5,,0,0.0015873015873015873
develop_methods_or_techniques,Dispense medications,1,1,0.5,4.21,0,0.0015873015873015873
develop_methods_or_techniques,Enforce public safety,1,1,0.5,3.41,0,0.0015873015873015873
develop_methods_or_techniques,Engineer aerospace systems,1,1,0.5,3.28,0,0.0015873015873015873
develop_methods_or_techniques,Evaluate insurance claims,1,1,0.5,3.9,0,0.0015873015873015873
develop_methods_or_techniques,Evaluate loan applications,1,1,0.5,3.08,0,0.0015873015873015873
develop_methods_or_techniques,Install electrical wiring,1,1,0.5,3.59,1,0.0015873015873015873
develop_methods_or_techniques,Install piping systems,1,1,0.5,4.24,0,0.0015873015873015873
develop_methods_or_techniques,Manage anesthesia care,1,1,0.5,4.1,0,0.0015873015873015873
develop_methods_or_techniques,Manage library services,1,1,0.5,3.75,0,0.0015873015873015873
develop_methods_or_techniques,Manage projects,1,1,0.5,4.2,0,0.0015873015873015873
develop_methods_or_techniques,Operate flight systems,1,1,0.5,4.51,0,0.0015873015873015873
develop_methods_or_techniques,Perform dance routines,1,1,0.5,3.95,0,0.0015873015873015873
develop_methods_or_techniques,Process customs clearance,1,1,0.5,4.18,1,0.0015873015873015873
develop_methods_or_techniques,Produce media content,1,1,0.5,2.93,0,0.0015873015873015873
develop_methods_or_techniques,Produce news content,1,1,0.5,4.67,0,0.0015873015873015873
develop_methods_or_techniques,Provide maternity care,1,1,0.5,4.06,0,0.0015873015873015873
develop_methods_or_techniques,Track logistics flow,1,1,0.5,3.29,0,0.0015873015873015873
diagnose_and_repair_equipment,Repair mechanical equipment,66,6,33.0,3.9904545454545457,45,0.14316702819956617
diagnose_and_repair_equipment,Install electrical wiring,36,8,18.0,4.041388888888889,8,0.07809110629067245
diagnose_and_repair_equipment,Maintain equipment,29,4,14.5,3.9048275862068964,0,0.06290672451193059
diagnose_and_repair_equipment,Install mechanical systems,25,5,12.5,4.207826086956522,10,0.05422993492407809
diagnose_and_repair_equipment,Test automotive systems,18,2,9.0,3.904375,0,0.039045553145336226
diagnose_and_repair_equipment,Fabricate precision parts,16,4,8.0,3.853125,12,0.03470715835140998
diagnose_and_repair_equipment,Install telecom equipment,16,2,8.0,3.775,7,0.03470715835140998
diagnose_and_repair_equipment,Engineer aerospace systems,13,4,6.5,3.976153846153846,0,0.028199566160520606
diagnose_and_repair_equipment,Repair control systems,12,1,6.0,3.7291666666666665,0,0.026030368763557483
diagnose_and_repair_equipment,Repair electromechanical systems,12,3,6.0,4.007499999999999,0,0.026030368763557483
diagnose_and_repair_equipment,Run geothermal plants,12,2,6.0,3.9258333333333333,0,0.026030368763557483
diagnose_and_repair_equipment,Design marine systems,11,3,5.5,4.037272727272727,0,0.02386117136659436
diagnose_and_repair_equipment,Build robotic systems,10,2,5.0,3.934,0,0.021691973969631236
diagnose_and_repair_equipment,Operate wind facilities,7,2,3.5,4.227142857142857,0,0.015184381778741865
diagnose_and_repair_equipment,Produce media content,7,4,3.5,4.06,0,0.015184381778741865
diagnose_and_repair_equipment,Support network systems,7,4,3.5,3.718571428571429,0,0.015184381778741865
diagnose_and_repair_equipment,Analyze laboratory samples,6,6,3.0,4.396666666666667,0,0.013015184381778741
diagnose_and_repair_equipment,Capture and edit images,6,2,3.0,4.166666666666667,0,0.013015184381778741
diagnose_and_repair_equipment,Install piping systems,6,2,3.0,3.8233333333333337,0,0.013015184381778741
diagnose_and_repair_equipment,Manage library services,6,3,3.0,3.6700000000000004,1,0.013015184381778741
diagnose_and_repair_equipment,Manage workplace safety,6,3,3.0,4.146,1,0.013015184381778741
diagnose_and_repair_equipment,Supervise field crews,6,6,3.0,3.632,0,0.013015184381778741
diagnose_and_repair_equipment,Assess cardiovascular function,5,4,2.5,4.47,3,0.010845986984815618
diagnose_and_repair_equipment,Operate nuclear systems,5,3,2.5,4.244,0,0.010845986984815618
diagnose_and_repair_equipment,Perform eye diagnostics,5,2,2.5,4.036,0,0.010845986984815618
diagnose_and_repair_equipment,Analyze organizational problems,4,3,2.0,3.99,0,0.008676789587852495
diagnose_and_repair_equipment,Develop web applications,4,1,2.0,4.315,0,0.008676789587852495
diagnose_and_repair_equipment,Optimize chemical processes,4,4,2.0,4.085,1,0.008676789587852495
diagnose_and_repair_equipment,Optimize manufacturing processes,4,2,2.0,3.8274999999999997,0,0.008676789587852495
diagnose_and_repair_equipment,Teach and develop courses,4,4,2.0,3.325,2,0.008676789587852495
diagnose_and_repair_equipment,Administer databases,3,3,1.5,3.64,0,0.006507592190889371
diagnose_and_repair_equipment,Deliver college instruction,3,2,1.5,3.883333333333333,2,0.006507592190889371
diagnose_and_repair_equipment,Deliver radiation treatment,3,1,1.5,4.12,0,0.006507592190889371
diagnose_and_repair_equipment,Inspect and investigate,3,3,1.5,4.016666666666667,0,0.006507592190889371
diagnose_and_repair_equipment,Investigate digital evidence,3,2,1.5,3.855,0,0.006507592190889371
diagnose_and_repair_equipment,Manage aquatic operations,3,2,1.5,4.343333333333334,0,0.006507592190889371
diagnose_and_repair_equipment,Operate flight systems,3,3,1.5,4.1466666666666665,0,0.006507592190889371
diagnose_and_repair_equipment,Provide dental care,3,3,1.5,4.4366666666666665,0,0.006507592190889371
diagnose_and_repair_equipment,Analyze bioinformatics data,2,1,1.0,3.4749999999999996,0,0.004338394793926247
diagnose_and_repair_equipment,Analyze remote sensing data,2,1,1.0,3.4699999999999998,0,0.004338394793926247
diagnose_and_repair_equipment,Assess hearing function,2,2,1.0,4.735,0,0.004338394793926247
diagnose_and_repair_equipment,Control product quality,2,2,1.0,4.17,0,0.004338394793926247
diagnose_and_repair_equipment,Coordinate wellness programs,2,2,1.0,4.115,0,0.004338394793926247
diagnose_and_repair_equipment,Craft precious items,2,2,1.0,3.7750000000000004,0,0.004338394793926247
diagnose_and_repair_equipment,Deliver physical therapy,2,1,1.0,3.7800000000000002,1,0.004338394793926247
diagnose_and_repair_equipment,Design computer systems,2,2,1.0,3.42,0,0.004338394793926247
diagnose_and_repair_equipment,Design solar systems,2,1,1.0,4.035,0,0.004338394793926247
diagnose_and_repair_equipment,Develop photonic systems,2,1,1.0,3.8200000000000003,0,0.004338394793926247
diagnose_and_repair_equipment,Diagnose skin conditions,2,2,1.0,4.59,1,0.004338394793926247
diagnose_and_repair_equipment,Diagnose vision conditions,2,1,1.0,4.1899999999999995,0,0.004338394793926247
diagnose_and_repair_equipment,Lead visitor programs,2,2,1.0,2.965,0,0.004338394793926247
diagnose_and_repair_equipment,Manage lodging operations,2,2,1.0,4.115,0,0.004338394793926247
diagnose_and_repair_equipment,Protect information systems,2,1,1.0,3.84,0,0.004338394793926247
diagnose_and_repair_equipment,Provide animal care,2,1,1.0,4.4399999999999995,0,0.004338394793926247
diagnose_and_repair_equipment,Provide nursing care,2,2,1.0,4.4,0,0.004338394793926247
diagnose_and_repair_equipment,Study water resources,2,2,1.0,3.71,0,0.004338394793926247
diagnose_and_repair_equipment,Support classroom learning,2,2,1.0,3.7199999999999998,0,0.004338394793926247
diagnose_and_repair_equipment,Advance academic research,1,1,0.5,3.42,1,0.0021691973969631237
diagnose_and_repair_equipment,Advance nanoscale research,1,1,0.5,4.1,0,0.0021691973969631237
diagnose_and_repair_equipment,Analyze statistical data,1,1,0.5,3.91,1,0.0021691973969631237
diagnose_and_repair_equipment,Arrange funeral services,1,1,0.5,4.0,0,0.0021691973969631237
diagnose_and_repair_equipment,Assist patient care,1,1,0.5,4.76,0,0.0021691973969631237
diagnose_and_repair_equipment,Coordinate creative production,1,1,0.5,4.01,1,0.0021691973969631237
diagnose_and_repair_equipment,Coordinate food preparation,1,1,0.5,3.52,0,0.0021691973969631237
diagnose_and_repair_equipment,Coordinate production supply,1,1,0.5,3.44,0,0.0021691973969631237
diagnose_and_repair_equipment,Create visual media,1,1,0.5,4.06,0,0.0021691973969631237
diagnose_and_repair_equipment,Curate historical records,1,1,0.5,4.28,0,0.0021691973969631237
diagnose_and_repair_equipment,Deliver classroom instruction,1,1,0.5,4.0,0,0.0021691973969631237
diagnose_and_repair_equipment,Direct media production,1,1,0.5,4.42,0,0.0021691973969631237
diagnose_and_repair_equipment,Evaluate insurance claims,1,1,0.5,3.34,0,0.0021691973969631237
diagnose_and_repair_equipment,Improve animal production,1,1,0.5,3.86,1,0.0021691973969631237
diagnose_and_repair_equipment,Manage administrative operations,1,1,0.5,4.5,0,0.0021691973969631237
diagnose_and_repair_equipment,Manage agricultural production,1,1,0.5,3.88,0,0.0021691973969631237
diagnose_and_repair_equipment,Manage anesthesia care,1,1,0.5,4.04,0,0.0021691973969631237
diagnose_and_repair_equipment,Manage biofuel operations,1,1,0.5,3.7,0,0.0021691973969631237
diagnose_and_repair_equipment,Manage construction projects,1,1,0.5,3.26,0,0.0021691973969631237
diagnose_and_repair_equipment,Manage geospatial data,1,1,0.5,3.81,0,0.0021691973969631237
diagnose_and_repair_equipment,Manage health information,1,1,0.5,2.75,0,0.0021691973969631237
diagnose_and_repair_equipment,Manage security operations,1,1,0.5,3.67,0,0.0021691973969631237
diagnose_and_repair_equipment,Monitor compliance,1,1,0.5,3.25,0,0.0021691973969631237
diagnose_and_repair_equipment,Plan transportation systems,1,1,0.5,3.75,1,0.0021691973969631237
diagnose_and_repair_equipment,Process financial records,1,1,0.5,3.39,0,0.0021691973969631237
diagnose_and_repair_equipment,Provide emergency medicine,1,1,0.5,,0,0.0021691973969631237
diagnose_and_repair_equipment,Sell technical products,1,1,0.5,3.78,0,0.0021691973969631237
diagnose_and_repair_equipment,Supervise residential safety,1,1,0.5,4.06,0,0.0021691973969631237
diagnose_and_repair_equipment,Support crop production,1,1,0.5,4.05,0,0.0021691973969631237
diagnose_and_repair_equipment,Support rehabilitation therapy,1,1,0.5,3.55,0,0.0021691973969631237
diagnose_and_repair_equipment,Test software quality,1,1,0.5,,0,0.0021691973969631237
diagnose_or_assess_needs,Deliver classroom instruction,29,15,14.5,4.1685185185185185,2,0.1
diagnose_or_assess_needs,Provide emergency medicine,22,11,11.0,4.765714285714286,0,0.07586206896551724
diagnose_or_assess_needs,Assess neurological function,16,4,8.0,4.619375,0,0.05517241379310345
diagnose_or_assess_needs,Diagnose skin conditions,13,5,6.5,4.477692307692307,6,0.04482758620689655
diagnose_or_assess_needs,Provide nursing care,13,3,6.5,4.363076923076923,0,0.04482758620689655
diagnose_or_assess_needs,Diagnose psychiatric conditions,11,2,5.5,4.734545454545454,0,0.03793103448275862
diagnose_or_assess_needs,Provide behavioral counseling,11,4,5.5,4.337272727272727,3,0.03793103448275862
diagnose_or_assess_needs,Treat physical disability,11,3,5.5,4.288181818181818,3,0.03793103448275862
diagnose_or_assess_needs,Provide manual treatment,10,4,5.0,4.647,1,0.034482758620689655
diagnose_or_assess_needs,Provide dental care,9,7,4.5,4.744444444444444,0,0.03103448275862069
diagnose_or_assess_needs,Diagnose vision conditions,8,4,4.0,4.58875,0,0.027586206896551724
diagnose_or_assess_needs,Provide maternity care,8,2,4.0,4.445,0,0.027586206896551724
diagnose_or_assess_needs,Coordinate social services,7,4,3.5,4.268571428571429,2,0.02413793103448276
diagnose_or_assess_needs,Coordinate wellness programs,7,4,3.5,4.234285714285714,0,0.02413793103448276
diagnose_or_assess_needs,Manage anesthesia care,6,2,3.0,4.551666666666667,0,0.020689655172413793
diagnose_or_assess_needs,Advise students,5,1,2.5,3.8659999999999997,0,0.017241379310344827
diagnose_or_assess_needs,Deliver radiation treatment,5,4,2.5,4.72,0,0.017241379310344827
diagnose_or_assess_needs,Deliver physical therapy,4,2,2.0,4.605,2,0.013793103448275862
diagnose_or_assess_needs,Support classroom learning,4,2,2.0,4.21,3,0.013793103448275862
diagnose_or_assess_needs,Support rehabilitation therapy,4,3,2.0,4.6175,0,0.013793103448275862
diagnose_or_assess_needs,Analyze economic trends,3,1,1.5,4.0,3,0.010344827586206896
diagnose_or_assess_needs,Assess cardiovascular function,3,2,1.5,4.67,1,0.010344827586206896
diagnose_or_assess_needs,Assess credit risk,3,2,1.5,4.1499999999999995,0,0.010344827586206896
diagnose_or_assess_needs,Assess hearing function,3,2,1.5,4.633333333333333,0,0.010344827586206896
diagnose_or_assess_needs,Assess learner progress,3,1,1.5,4.073333333333333,0,0.010344827586206896
diagnose_or_assess_needs,Deliver creative therapy,3,2,1.5,4.403333333333333,0,0.010344827586206896
diagnose_or_assess_needs,Diagnose mental health,3,1,1.5,4.513333333333333,0,0.010344827586206896
diagnose_or_assess_needs,Lead specialty nursing,3,2,1.5,4.283333333333333,1,0.010344827586206896
diagnose_or_assess_needs,Perform dance routines,3,2,1.5,3.9800000000000004,1,0.010344827586206896
diagnose_or_assess_needs,Perform eye diagnostics,3,2,1.5,4.07,0,0.010344827586206896
diagnose_or_assess_needs,Provide animal care,3,2,1.5,4.489999999999999,0,0.010344827586206896
diagnose_or_assess_needs,Administer compensation benefits,2,2,1.0,3.73,0,0.006896551724137931
diagnose_or_assess_needs,Advance genetics research,2,2,1.0,4.05,0,0.006896551724137931
diagnose_or_assess_needs,Assess speech disorders,2,2,1.0,4.33,0,0.006896551724137931
diagnose_or_assess_needs,Assist patient care,2,2,1.0,4.655,2,0.006896551724137931
diagnose_or_assess_needs,Broker real estate deals,2,1,1.0,4.035,0,0.006896551724137931
diagnose_or_assess_needs,Direct media production,2,1,1.0,4.359999999999999,2,0.006896551724137931
diagnose_or_assess_needs,Engineer aerospace systems,2,1,1.0,3.885,0,0.006896551724137931
diagnose_or_assess_needs,Operate flight systems,2,2,1.0,3.8049999999999997,0,0.006896551724137931
diagnose_or_assess_needs,Organize recreation activities,2,2,1.0,4.41,0,0.006896551724137931
diagnose_or_assess_needs,Process customs clearance,2,1,1.0,4.04,2,0.006896551724137931
diagnose_or_assess_needs,Supervise residential safety,2,1,1.0,3.8449999999999998,0,0.006896551724137931
diagnose_or_assess_needs,Support network systems,2,1,1.0,4.07,0,0.006896551724137931
diagnose_or_assess_needs,Analyze laboratory samples,1,1,0.5,3.75,1,0.0034482758620689655
diagnose_or_assess_needs,Arrange funeral services,1,1,0.5,3.64,0,0.0034482758620689655
diagnose_or_assess_needs,Conduct survey research,1,1,0.5,4.15,0,0.0034482758620689655
diagnose_or_assess_needs,Coordinate curriculum improvement,1,1,0.5,,0,0.0034482758620689655
diagnose_or_assess_needs,Coordinate study protocols,1,1,0.5,4.41,0,0.0034482758620689655
diagnose_or_assess_needs,Curate historical records,1,1,0.5,4.15,0,0.0034482758620689655
diagnose_or_assess_needs,Determine benefit eligibility,1,1,0.5,4.47,0,0.0034482758620689655
diagnose_or_assess_needs,Develop training programs,1,1,0.5,4.29,0,0.0034482758620689655
diagnose_or_assess_needs,Develop web applications,1,1,0.5,,0,0.0034482758620689655
diagnose_or_assess_needs,Dispense medications,1,1,0.5,4.11,0,0.0034482758620689655
diagnose_or_assess_needs,Evaluate insurance claims,1,1,0.5,4.06,0,0.0034482758620689655
diagnose_or_assess_needs,Evaluate loan applications,1,1,0.5,4.65,1,0.0034482758620689655
diagnose_or_assess_needs,Inspect and investigate,1,1,0.5,3.75,0,0.0034482758620689655
diagnose_or_assess_needs,Investigate fraud,1,1,0.5,4.36,0,0.0034482758620689655
diagnose_or_assess_needs,Manage performer careers,1,1,0.5,3.99,0,0.0034482758620689655
diagnose_or_assess_needs,Manage projects,1,1,0.5,4.2,0,0.0034482758620689655
diagnose_or_assess_needs,Manage workplace safety,1,1,0.5,3.63,0,0.0034482758620689655
diagnose_or_assess_needs,Monitor compliance,1,1,0.5,4.28,0,0.0034482758620689655
diagnose_or_assess_needs,Optimize chemical processes,1,1,0.5,4.26,0,0.0034482758620689655
diagnose_or_assess_needs,Organize document systems,1,1,0.5,3.84,0,0.0034482758620689655
diagnose_or_assess_needs,Plan extraction operations,1,1,0.5,3.99,0,0.0034482758620689655
diagnose_or_assess_needs,Plan marketing campaigns,1,1,0.5,3.56,0,0.0034482758620689655
diagnose_or_assess_needs,Provide academic tutoring,1,1,0.5,4.68,0,0.0034482758620689655
diagnose_or_assess_needs,Provide nutrition counseling,1,1,0.5,4.55,0,0.0034482758620689655
diagnose_or_assess_needs,Repair mechanical equipment,1,1,0.5,4.51,0,0.0034482758620689655
diagnose_or_assess_needs,Sell technical products,1,1,0.5,3.95,1,0.0034482758620689655
diagnose_or_assess_needs,Serve academic governance,1,1,0.5,4.07,1,0.0034482758620689655
diagnose_or_assess_needs,Supervise field crews,1,1,0.5,3.87,0,0.0034482758620689655
diagnose_or_assess_needs,Teach and develop courses,1,1,0.5,4.53,1,0.0034482758620689655
diagnose_or_assess_needs,Trade securities,1,1,0.5,4.42,0,0.0034482758620689655
evaluate_compliance,Evaluate student work,32,27,16.0,4.4471875,3,0.07655502392344497
evaluate_compliance,Deliver classroom instruction,24,11,12.0,4.166666666666667,0,0.05741626794258373
evaluate_compliance,Inspect and investigate,19,7,9.5,4.073157894736842,0,0.045454545454545456
evaluate_compliance,Monitor compliance,15,3,7.5,4.037692307692308,0,0.03588516746411483
evaluate_compliance,Adjudicate disputes,11,3,5.5,4.501818181818181,0,0.02631578947368421
evaluate_compliance,Plan transportation systems,11,4,5.5,3.696363636363636,5,0.02631578947368421
evaluate_compliance,Manage workplace safety,10,4,5.0,4.061,4,0.023923444976076555
evaluate_compliance,Manage regulatory submissions,9,2,4.5,3.3722222222222222,0,0.0215311004784689
evaluate_compliance,Serve academic governance,8,8,4.0,3.38875,1,0.019138755980861243
evaluate_compliance,Administer compensation benefits,7,4,3.5,3.942857142857143,0,0.01674641148325359
evaluate_compliance,Coordinate emergency response,7,2,3.5,3.781428571428571,0,0.01674641148325359
evaluate_compliance,Improve energy efficiency,7,3,3.5,3.89,6,0.01674641148325359
evaluate_compliance,Optimize chemical processes,7,6,3.5,4.0042857142857144,1,0.01674641148325359
evaluate_compliance,Supervise field crews,7,5,3.5,4.338,0,0.01674641148325359
evaluate_compliance,Administer education programs,6,2,3.0,3.83,0,0.014354066985645933
evaluate_compliance,Control product quality,6,3,3.0,3.6566666666666667,0,0.014354066985645933
evaluate_compliance,Advance academic research,5,5,2.5,3.146,2,0.011961722488038277
evaluate_compliance,Develop training programs,5,3,2.5,3.746,2,0.011961722488038277
evaluate_compliance,Direct organizational strategy,5,2,2.5,4.025,0,0.011961722488038277
evaluate_compliance,Manage construction projects,5,2,2.5,3.8300000000000005,0,0.011961722488038277
evaluate_compliance,Manage funds,5,3,2.5,3.8600000000000003,0,0.011961722488038277
evaluate_compliance,Operate nuclear systems,5,3,2.5,4.404,0,0.011961722488038277
evaluate_compliance,Support classroom learning,5,4,2.5,4.02,3,0.011961722488038277
evaluate_compliance,Teach postsecondary courses,5,2,2.5,3.9899999999999998,0,0.011961722488038277
evaluate_compliance,Broker real estate deals,4,2,2.0,3.62,2,0.009569377990430622
evaluate_compliance,Coordinate production supply,4,3,2.0,3.873333333333333,0,0.009569377990430622
evaluate_compliance,Deliver college instruction,4,2,2.0,4.300000000000001,0,0.009569377990430622
evaluate_compliance,Deliver radiation treatment,4,3,2.0,4.733333333333333,0,0.009569377990430622
evaluate_compliance,Enforce public safety,4,2,2.0,4.1275,0,0.009569377990430622
evaluate_compliance,Evaluate insurance claims,4,3,2.0,4.1475,0,0.009569377990430622
evaluate_compliance,Improve soil systems,4,1,2.0,3.605,0,0.009569377990430622
evaluate_compliance,Manage health information,4,2,2.0,,0,0.009569377990430622
evaluate_compliance,Manage security operations,4,2,2.0,3.86,0,0.009569377990430622
evaluate_compliance,Oversee engineering projects,4,3,2.0,3.8600000000000003,2,0.009569377990430622
evaluate_compliance,Plan remediation projects,4,2,2.0,3.8525,0,0.009569377990430622
evaluate_compliance,Protect information systems,4,3,2.0,3.9,0,0.009569377990430622
evaluate_compliance,Analyze laboratory samples,3,3,1.5,4.513333333333333,1,0.007177033492822967
evaluate_compliance,Analyze statistical data,3,2,1.5,4.316666666666666,0,0.007177033492822967
evaluate_compliance,Arrange funeral services,3,2,1.5,4.29,0,0.007177033492822967
evaluate_compliance,Coordinate study protocols,3,1,1.5,4.163333333333333,0,0.007177033492822967
evaluate_compliance,Design marine systems,3,2,1.5,3.5966666666666662,0,0.007177033492822967
evaluate_compliance,Determine benefit eligibility,3,2,1.5,4.23,0,0.007177033492822967
evaluate_compliance,Draft engineering plans,3,2,1.5,3.8433333333333333,1,0.007177033492822967
evaluate_compliance,Engineer aerospace systems,3,3,1.5,3.91,0,0.007177033492822967
evaluate_compliance,Improve production methods,3,1,1.5,3.3499999999999996,0,0.007177033492822967
evaluate_compliance,Investigate digital evidence,3,2,1.5,4.0,0,0.007177033492822967
evaluate_compliance,Manage aquatic operations,3,2,1.5,4.28,0,0.007177033492822967
evaluate_compliance,Manage distribution operations,3,1,1.5,3.6999999999999997,0,0.007177033492822967
evaluate_compliance,Manage sustainability initiatives,3,2,1.5,3.7399999999999998,0,0.007177033492822967
evaluate_compliance,Process customs clearance,3,1,1.5,4.05,3,0.007177033492822967
evaluate_compliance,Repair electromechanical systems,3,2,1.5,3.45,0,0.007177033492822967
evaluate_compliance,Administer databases,2,1,1.0,,0,0.004784688995215311
evaluate_compliance,Advance genetics research,2,2,1.0,3.935,0,0.004784688995215311
evaluate_compliance,Advise students,2,2,1.0,3.66,1,0.004784688995215311
evaluate_compliance,Assess neurological function,2,2,1.0,4.035,0,0.004784688995215311
evaluate_compliance,Coordinate creative production,2,1,1.0,4.17,2,0.004784688995215311
evaluate_compliance,Coordinate logistics services,2,1,1.0,3.4850000000000003,0,0.004784688995215311
evaluate_compliance,Coordinate wellness programs,2,2,1.0,4.23,0,0.004784688995215311
evaluate_compliance,Deliver business intelligence,2,1,1.0,3.975,2,0.004784688995215311
evaluate_compliance,Design biomedical systems,2,2,1.0,4.305,1,0.004784688995215311
evaluate_compliance,Diagnose psychiatric conditions,2,1,1.0,4.1899999999999995,0,0.004784688995215311
evaluate_compliance,Direct media production,2,2,1.0,4.1899999999999995,0,0.004784688995215311
evaluate_compliance,Improve animal production,2,2,1.0,3.6900000000000004,0,0.004784688995215311
evaluate_compliance,Install electrical wiring,2,2,1.0,4.275,1,0.004784688995215311
evaluate_compliance,Install mechanical systems,2,2,1.0,4.225,0,0.004784688995215311
evaluate_compliance,Investigate fraud,2,1,1.0,3.955,2,0.004784688995215311
evaluate_compliance,Lead specialty nursing,2,1,1.0,3.88,0,0.004784688995215311
evaluate_compliance,Manage IT operations,2,2,1.0,3.5700000000000003,0,0.004784688995215311
evaluate_compliance,Manage biofuel operations,2,2,1.0,4.41,0,0.004784688995215311
evaluate_compliance,Manage financial operations,2,1,1.0,3.64,0,0.004784688995215311
evaluate_compliance,Manage forest resources,2,2,1.0,3.745,0,0.004784688995215311
evaluate_compliance,Manage lodging operations,2,2,1.0,4.234999999999999,0,0.004784688995215311
evaluate_compliance,Operate wind facilities,2,2,1.0,3.31,0,0.004784688995215311
evaluate_compliance,Process financial records,2,2,1.0,4.215,0,0.004784688995215311
evaluate_compliance,Procure farm products,2,1,1.0,4.449999999999999,0,0.004784688995215311
evaluate_compliance,Provide academic tutoring,2,2,1.0,3.745,0,0.004784688995215311
evaluate_compliance,Provide manual treatment,2,1,1.0,4.949999999999999,0,0.004784688995215311
evaluate_compliance,Run geothermal plants,2,2,1.0,4.234999999999999,0,0.004784688995215311
evaluate_compliance,Teach and develop courses,2,2,1.0,4.725,1,0.004784688995215311
evaluate_compliance,Advance nanoscale research,1,1,0.5,4.22,0,0.0023923444976076554
evaluate_compliance,Analyze earth systems,1,1,0.5,3.67,0,0.0023923444976076554
evaluate_compliance,Analyze investment risk,1,1,0.5,,0,0.0023923444976076554
evaluate_compliance,Analyze organizational problems,1,1,0.5,3.74,0,0.0023923444976076554
evaluate_compliance,Appraise property value,1,1,0.5,4.18,0,0.0023923444976076554
evaluate_compliance,Assess cardiovascular function,1,1,0.5,4.49,1,0.0023923444976076554
evaluate_compliance,Assess industrial impacts,1,1,0.5,3.5,0,0.0023923444976076554
evaluate_compliance,Assess learner progress,1,1,0.5,3.66,0,0.0023923444976076554
evaluate_compliance,Build robotic systems,1,1,0.5,4.11,0,0.0023923444976076554
evaluate_compliance,Conduct biological research,1,1,0.5,4.08,0,0.0023923444976076554
evaluate_compliance,Conduct scientific research,1,1,0.5,3.83,0,0.0023923444976076554
evaluate_compliance,Coordinate curriculum improvement,1,1,0.5,4.08,0,0.0023923444976076554
evaluate_compliance,Create technical drawings,1,1,0.5,,0,0.0023923444976076554
evaluate_compliance,Design computer systems,1,1,0.5,3.67,0,0.0023923444976076554
evaluate_compliance,Design electrical systems,1,1,0.5,3.96,0,0.0023923444976076554
evaluate_compliance,Develop building designs,1,1,0.5,4.4,0,0.0023923444976076554
evaluate_compliance,Develop web applications,1,1,0.5,3.58,0,0.0023923444976076554
evaluate_compliance,Edit written content,1,1,0.5,3.76,0,0.0023923444976076554
evaluate_compliance,Establish property boundaries,1,1,0.5,3.78,0,0.0023923444976076554
evaluate_compliance,Evaluate loan applications,1,1,0.5,4.14,0,0.0023923444976076554
evaluate_compliance,Install piping systems,1,1,0.5,4.53,0,0.0023923444976076554
evaluate_compliance,Install telecom equipment,1,1,0.5,3.04,0,0.0023923444976076554
evaluate_compliance,Maintain equipment,1,1,0.5,4.03,0,0.0023923444976076554
evaluate_compliance,Manage agricultural production,1,1,0.5,4.23,0,0.0023923444976076554
evaluate_compliance,Manage performer careers,1,1,0.5,4.15,0,0.0023923444976076554
evaluate_compliance,Manage public relations,1,1,0.5,,0,0.0023923444976076554
evaluate_compliance,Model water systems,1,1,0.5,4.3,0,0.0023923444976076554
evaluate_compliance,Operate flight systems,1,1,0.5,4.87,0,0.0023923444976076554
evaluate_compliance,Optimize manufacturing processes,1,1,0.5,3.09,0,0.0023923444976076554
evaluate_compliance,Optimize search visibility,1,1,0.5,3.26,0,0.0023923444976076554
evaluate_compliance,Organize document systems,1,1,0.5,3.72,0,0.0023923444976076554
evaluate_compliance,Organize recreation activities,1,1,0.5,4.34,0,0.0023923444976076554
evaluate_compliance,Produce media content,1,1,0.5,,0,0.0023923444976076554
evaluate_compliance,Provide animal care,1,1,0.5,3.93,0,0.0023923444976076554
evaluate_compliance,Provide emergency medicine,1,1,0.5,4.17,0,0.0023923444976076554
evaluate_compliance,Provide nutrition counseling,1,1,0.5,3.28,0,0.0023923444976076554
evaluate_compliance,Raise charitable funds,1,1,0.5,3.37,0,0.0023923444976076554
evaluate_compliance,Supervise residential safety,1,1,0.5,4.14,0,0.0023923444976076554
evaluate_compliance,Support anesthesia procedures,1,1,0.5,4.97,0,0.0023923444976076554
evaluate_compliance,Support network systems,1,1,0.5,3.72,0,0.0023923444976076554
evaluate_compliance,Test automotive systems,1,1,0.5,3.63,0,0.0023923444976076554
evaluate_compliance,Test software quality,1,1,0.5,3.71,0,0.0023923444976076554
evaluate_compliance,Trade securities,1,1,0.5,4.27,0,0.0023923444976076554
extract_or_verify_information_from_documents,Investigate fraud,8,3,4.0,4.2875,3,0.03375527426160337
extract_or_verify_information_from_documents,Teach postsecondary courses,8,8,4.0,3.1075,0,0.03375527426160337
extract_or_verify_information_from_documents,Apply legal analysis,7,4,3.5,4.062857142857142,0,0.029535864978902954
extract_or_verify_information_from_documents,Provide emergency medicine,7,5,3.5,4.574,0,0.029535864978902954
extract_or_verify_information_from_documents,Administer compensation benefits,6,3,3.0,3.8350000000000004,0,0.02531645569620253
extract_or_verify_information_from_documents,Appraise property value,6,1,3.0,4.25,0,0.02531645569620253
extract_or_verify_information_from_documents,Evaluate insurance claims,6,2,3.0,3.918,0,0.02531645569620253
extract_or_verify_information_from_documents,Create technical drawings,5,2,2.5,3.7424999999999997,0,0.02109704641350211
extract_or_verify_information_from_documents,Direct media production,5,4,2.5,3.9519999999999995,1,0.02109704641350211
extract_or_verify_information_from_documents,Manage health information,5,2,2.5,4.5725,0,0.02109704641350211
extract_or_verify_information_from_documents,Manage library services,5,3,2.5,3.942,1,0.02109704641350211
extract_or_verify_information_from_documents,Manage performer careers,5,2,2.5,4.368,0,0.02109704641350211
extract_or_verify_information_from_documents,Process financial records,5,4,2.5,4.132,2,0.02109704641350211
extract_or_verify_information_from_documents,Adjudicate disputes,4,3,2.0,4.165,0,0.016877637130801686
extract_or_verify_information_from_documents,Advance academic research,4,3,2.0,3.8550000000000004,2,0.016877637130801686
extract_or_verify_information_from_documents,Advance genetics research,4,2,2.0,4.52,0,0.016877637130801686
extract_or_verify_information_from_documents,Curate historical records,4,3,2.0,4.407500000000001,0,0.016877637130801686
extract_or_verify_information_from_documents,Deliver radiation treatment,4,4,2.0,4.835,0,0.016877637130801686
extract_or_verify_information_from_documents,Determine benefit eligibility,4,3,2.0,4.325,0,0.016877637130801686
extract_or_verify_information_from_documents,Diagnose vision conditions,4,3,2.0,4.615,0,0.016877637130801686
extract_or_verify_information_from_documents,Edit written content,4,4,2.0,3.495,2,0.016877637130801686
extract_or_verify_information_from_documents,Inspect and investigate,4,3,2.0,3.983333333333333,0,0.016877637130801686
extract_or_verify_information_from_documents,Install electrical wiring,4,3,2.0,3.8125,0,0.016877637130801686
extract_or_verify_information_from_documents,Supervise field crews,4,4,2.0,4.0225,0,0.016877637130801686
extract_or_verify_information_from_documents,Translate and interpret,4,2,2.0,3.8,0,0.016877637130801686
extract_or_verify_information_from_documents,Capture and edit images,3,2,1.5,4.3933333333333335,2,0.012658227848101266
extract_or_verify_information_from_documents,Conduct survey research,3,2,1.5,4.1433333333333335,0,0.012658227848101266
extract_or_verify_information_from_documents,Deliver business intelligence,3,2,1.5,3.7266666666666666,0,0.012658227848101266
extract_or_verify_information_from_documents,Improve energy efficiency,3,3,1.5,3.973333333333333,1,0.012658227848101266
extract_or_verify_information_from_documents,Install mechanical systems,3,2,1.5,3.98,1,0.012658227848101266
extract_or_verify_information_from_documents,Manage funds,3,2,1.5,4.325,0,0.012658227848101266
extract_or_verify_information_from_documents,Produce news content,3,1,1.5,4.24,0,0.012658227848101266
extract_or_verify_information_from_documents,Provide maternity care,3,2,1.5,4.593333333333333,0,0.012658227848101266
extract_or_verify_information_from_documents,Sell technical products,3,2,1.5,3.626666666666667,0,0.012658227848101266
extract_or_verify_information_from_documents,Analyze earth systems,2,1,1.0,3.74,0,0.008438818565400843
extract_or_verify_information_from_documents,Analyze economic trends,2,2,1.0,3.77,1,0.008438818565400843
extract_or_verify_information_from_documents,Analyze statistical data,2,2,1.0,4.55,1,0.008438818565400843
extract_or_verify_information_from_documents,Assess cardiovascular function,2,2,1.0,4.84,1,0.008438818565400843
extract_or_verify_information_from_documents,Assist patient care,2,2,1.0,4.1,1,0.008438818565400843
extract_or_verify_information_from_documents,Conduct surveying work,2,1,1.0,3.76,0,0.008438818565400843
extract_or_verify_information_from_documents,Coordinate logistics services,2,2,1.0,3.49,0,0.008438818565400843
extract_or_verify_information_from_documents,Design biomedical systems,2,2,1.0,4.02,1,0.008438818565400843
extract_or_verify_information_from_documents,Engineer aerospace systems,2,2,1.0,4.525,0,0.008438818565400843
extract_or_verify_information_from_documents,Fabricate precision parts,2,2,1.0,4.595000000000001,0,0.008438818565400843
extract_or_verify_information_from_documents,Install telecom equipment,2,1,1.0,3.54,0,0.008438818565400843
extract_or_verify_information_from_documents,Maintain equipment,2,2,1.0,3.9,0,0.008438818565400843
extract_or_verify_information_from_documents,Manage biofuel operations,2,2,1.0,4.195,0,0.008438818565400843
extract_or_verify_information_from_documents,Manage financial operations,2,1,1.0,3.395,0,0.008438818565400843
extract_or_verify_information_from_documents,Manage geospatial data,2,2,1.0,4.04,0,0.008438818565400843
extract_or_verify_information_from_documents,Manage regulatory submissions,2,1,1.0,3.855,0,0.008438818565400843
extract_or_verify_information_from_documents,Manage sustainability initiatives,2,1,1.0,4.045,0,0.008438818565400843
extract_or_verify_information_from_documents,Raise charitable funds,2,2,1.0,3.8099999999999996,0,0.008438818565400843
extract_or_verify_information_from_documents,Repair electromechanical systems,2,2,1.0,4.1850000000000005,0,0.008438818565400843
extract_or_verify_information_from_documents,Repair mechanical equipment,2,2,1.0,4.109999999999999,2,0.008438818565400843
extract_or_verify_information_from_documents,Support crop production,2,1,1.0,3.87,0,0.008438818565400843
extract_or_verify_information_from_documents,Administer databases,1,1,0.5,2.78,0,0.004219409282700422
extract_or_verify_information_from_documents,Advise students,1,1,0.5,4.41,0,0.004219409282700422
extract_or_verify_information_from_documents,Analyze investment risk,1,1,0.5,,0,0.004219409282700422
extract_or_verify_information_from_documents,Analyze organizational problems,1,1,0.5,3.21,0,0.004219409282700422
extract_or_verify_information_from_documents,Assess credit risk,1,1,0.5,3.31,0,0.004219409282700422
extract_or_verify_information_from_documents,Assess industrial impacts,1,1,0.5,4.17,0,0.004219409282700422
extract_or_verify_information_from_documents,Assess neurological function,1,1,0.5,4.79,0,0.004219409282700422
extract_or_verify_information_from_documents,Create visual media,1,1,0.5,4.27,0,0.004219409282700422
extract_or_verify_information_from_documents,Deliver college instruction,1,1,0.5,4.42,1,0.004219409282700422
extract_or_verify_information_from_documents,Deliver creative therapy,1,1,0.5,3.56,0,0.004219409282700422
extract_or_verify_information_from_documents,Design marine systems,1,1,0.5,3.93,0,0.004219409282700422
extract_or_verify_information_from_documents,Develop training programs,1,1,0.5,4.66,1,0.004219409282700422
extract_or_verify_information_from_documents,Diagnose mental health,1,1,0.5,4.0,0,0.004219409282700422
extract_or_verify_information_from_documents,Diagnose psychiatric conditions,1,1,0.5,3.86,0,0.004219409282700422
extract_or_verify_information_from_documents,Dispense medications,1,1,0.5,4.86,0,0.004219409282700422
extract_or_verify_information_from_documents,Draft engineering plans,1,1,0.5,4.1,0,0.004219409282700422
extract_or_verify_information_from_documents,Enforce public safety,1,1,0.5,3.58,0,0.004219409282700422
extract_or_verify_information_from_documents,Establish property boundaries,1,1,0.5,4.53,0,0.004219409282700422
extract_or_verify_information_from_documents,Improve production methods,1,1,0.5,3.47,0,0.004219409282700422
extract_or_verify_information_from_documents,Improve soil systems,1,1,0.5,4.09,0,0.004219409282700422
extract_or_verify_information_from_documents,Install piping systems,1,1,0.5,4.05,0,0.004219409282700422
extract_or_verify_information_from_documents,Investigate digital evidence,1,1,0.5,,0,0.004219409282700422
extract_or_verify_information_from_documents,Lead visitor programs,1,1,0.5,3.55,0,0.004219409282700422
extract_or_verify_information_from_documents,Manage administrative operations,1,1,0.5,,0,0.004219409282700422
extract_or_verify_information_from_documents,Manage agricultural production,1,1,0.5,4.08,1,0.004219409282700422
extract_or_verify_information_from_documents,Manage aquatic operations,1,1,0.5,3.87,0,0.004219409282700422
extract_or_verify_information_from_documents,Manage lodging operations,1,1,0.5,3.76,0,0.004219409282700422
extract_or_verify_information_from_documents,Manage workplace safety,1,1,0.5,3.43,0,0.004219409282700422
extract_or_verify_information_from_documents,Monitor compliance,1,1,0.5,4.06,0,0.004219409282700422
extract_or_verify_information_from_documents,Operate flight systems,1,1,0.5,4.57,0,0.004219409282700422
extract_or_verify_information_from_documents,Optimize chemical processes,1,1,0.5,4.0,0,0.004219409282700422
extract_or_verify_information_from_documents,Optimize manufacturing processes,1,1,0.5,4.3,0,0.004219409282700422
extract_or_verify_information_from_documents,Organize document systems,1,1,0.5,3.41,0,0.004219409282700422
extract_or_verify_information_from_documents,Organize recreation activities,1,1,0.5,4.49,0,0.004219409282700422
extract_or_verify_information_from_documents,Perform dance routines,1,1,0.5,4.3,1,0.004219409282700422
extract_or_verify_information_from_documents,Plan marketing campaigns,1,1,0.5,3.25,0,0.004219409282700422
extract_or_verify_information_from_documents,Plan transportation systems,1,1,0.5,4.05,0,0.004219409282700422
extract_or_verify_information_from_documents,Procure farm products,1,1,0.5,3.45,0,0.004219409282700422
extract_or_verify_information_from_documents,Provide manual treatment,1,1,0.5,4.04,0,0.004219409282700422
extract_or_verify_information_from_documents,Study water resources,1,1,0.5,3.71,0,0.004219409282700422
extract_or_verify_information_from_documents,Test automotive systems,1,1,0.5,4.19,0,0.004219409282700422
extract_or_verify_information_from_documents,Test software quality,1,1,0.5,4.7,0,0.004219409282700422
gather_field_evidence,Investigate fraud,17,4,8.5,4.3217647058823525,0,0.07296137339055794
gather_field_evidence,Study water resources,8,3,4.0,3.89,0,0.034334763948497854
gather_field_evidence,Establish property boundaries,7,2,3.5,3.9842857142857144,0,0.030042918454935622
gather_field_evidence,Investigate digital evidence,7,2,3.5,4.4375,0,0.030042918454935622
gather_field_evidence,Conduct survey research,6,4,3.0,4.198333333333333,2,0.02575107296137339
gather_field_evidence,Inspect and investigate,6,3,3.0,4.198,0,0.02575107296137339
gather_field_evidence,Manage workplace safety,6,3,3.0,3.4433333333333334,1,0.02575107296137339
gather_field_evidence,Analyze earth systems,5,2,2.5,3.8939999999999997,0,0.02145922746781116
gather_field_evidence,Deliver business intelligence,5,2,2.5,3.8560000000000003,2,0.02145922746781116
gather_field_evidence,Diagnose skin conditions,5,2,2.5,4.308,5,0.02145922746781116
gather_field_evidence,Administer compensation benefits,4,3,2.0,3.63,0,0.017167381974248927
gather_field_evidence,Analyze remote sensing data,4,2,2.0,3.755,0,0.017167381974248927
gather_field_evidence,Curate historical records,4,3,2.0,3.4825,0,0.017167381974248927
gather_field_evidence,Draft engineering plans,4,3,2.0,3.9749999999999996,1,0.017167381974248927
gather_field_evidence,Edit written content,4,3,2.0,3.9566666666666666,1,0.017167381974248927
gather_field_evidence,Plan transportation systems,4,2,2.0,3.8866666666666667,3,0.017167381974248927
gather_field_evidence,Produce news content,4,1,2.0,3.87,0,0.017167381974248927
gather_field_evidence,Provide behavioral counseling,4,2,2.0,4.02,0,0.017167381974248927
gather_field_evidence,Support crop production,4,3,2.0,3.84,1,0.017167381974248927
gather_field_evidence,Advance academic research,3,2,1.5,3.966666666666667,2,0.012875536480686695
gather_field_evidence,Analyze laboratory samples,3,2,1.5,4.583333333333333,0,0.012875536480686695
gather_field_evidence,Analyze statistical data,3,3,1.5,3.7199999999999998,1,0.012875536480686695
gather_field_evidence,Arrange funeral services,3,1,1.5,4.8999999999999995,0,0.012875536480686695
gather_field_evidence,Assist patient care,3,3,1.5,4.526666666666666,1,0.012875536480686695
gather_field_evidence,Create technical drawings,3,2,1.5,3.6566666666666663,0,0.012875536480686695
gather_field_evidence,Diagnose mental health,3,1,1.5,3.793333333333333,0,0.012875536480686695
gather_field_evidence,Lead visitor programs,3,2,1.5,3.1933333333333334,0,0.012875536480686695
gather_field_evidence,Adjudicate disputes,2,1,1.0,4.140000000000001,0,0.008583690987124463
gather_field_evidence,Advance genetics research,2,1,1.0,3.15,0,0.008583690987124463
gather_field_evidence,Analyze organizational problems,2,2,1.0,3.7699999999999996,0,0.008583690987124463
gather_field_evidence,Conduct surveying work,2,1,1.0,4.29,0,0.008583690987124463
gather_field_evidence,Coordinate emergency response,2,2,1.0,4.05,0,0.008583690987124463
gather_field_evidence,Create crafted designs,2,1,1.0,3.49,0,0.008583690987124463
gather_field_evidence,Deliver college instruction,2,1,1.0,4.195,2,0.008583690987124463
gather_field_evidence,Deliver creative therapy,2,2,1.0,4.08,0,0.008583690987124463
gather_field_evidence,Design biomedical systems,2,1,1.0,4.625,2,0.008583690987124463
gather_field_evidence,Design solar systems,2,2,1.0,4.5,0,0.008583690987124463
gather_field_evidence,Determine benefit eligibility,2,2,1.0,4.460000000000001,0,0.008583690987124463
gather_field_evidence,Develop training programs,2,1,1.0,4.055,0,0.008583690987124463
gather_field_evidence,Direct organizational strategy,2,1,1.0,,0,0.008583690987124463
gather_field_evidence,Improve animal production,2,2,1.0,3.4749999999999996,1,0.008583690987124463
gather_field_evidence,Improve energy efficiency,2,2,1.0,4.125,1,0.008583690987124463
gather_field_evidence,Improve soil systems,2,2,1.0,3.585,0,0.008583690987124463
gather_field_evidence,Install telecom equipment,2,1,1.0,3.84,0,0.008583690987124463
gather_field_evidence,Manage construction projects,2,2,1.0,2.81,0,0.008583690987124463
gather_field_evidence,Manage forest resources,2,2,1.0,2.84,0,0.008583690987124463
gather_field_evidence,Manage funds,2,2,1.0,4.295,0,0.008583690987124463
gather_field_evidence,Monitor compliance,2,1,1.0,4.2,0,0.008583690987124463
gather_field_evidence,Operate nuclear systems,2,2,1.0,3.96,0,0.008583690987124463
gather_field_evidence,Oversee engineering projects,2,2,1.0,3.915,1,0.008583690987124463
gather_field_evidence,Plan marketing campaigns,2,2,1.0,4.105,1,0.008583690987124463
gather_field_evidence,Process customs clearance,2,2,1.0,4.09,1,0.008583690987124463
gather_field_evidence,Protect information systems,2,1,1.0,,0,0.008583690987124463
gather_field_evidence,Provide dental care,2,1,1.0,4.234999999999999,0,0.008583690987124463
gather_field_evidence,Provide nursing care,2,2,1.0,4.5,1,0.008583690987124463
gather_field_evidence,Sell technical products,2,2,1.0,3.8200000000000003,0,0.008583690987124463
gather_field_evidence,Analyze economic trends,1,1,0.5,4.35,1,0.004291845493562232
gather_field_evidence,Apply legal analysis,1,1,0.5,4.4,0,0.004291845493562232
gather_field_evidence,Appraise property value,1,1,0.5,4.13,0,0.004291845493562232
gather_field_evidence,Assess credit risk,1,1,0.5,4.54,0,0.004291845493562232
gather_field_evidence,Assess hearing function,1,1,0.5,3.7,0,0.004291845493562232
gather_field_evidence,Assess industrial impacts,1,1,0.5,3.48,0,0.004291845493562232
gather_field_evidence,Assess neurological function,1,1,0.5,4.86,0,0.004291845493562232
gather_field_evidence,Assess speech disorders,1,1,0.5,4.81,0,0.004291845493562232
gather_field_evidence,Conduct scientific research,1,1,0.5,3.78,0,0.004291845493562232
gather_field_evidence,Control product quality,1,1,0.5,3.58,0,0.004291845493562232
gather_field_evidence,Coordinate creative production,1,1,0.5,4.25,0,0.004291845493562232
gather_field_evidence,Coordinate curriculum improvement,1,1,0.5,,0,0.004291845493562232
gather_field_evidence,Coordinate logistics services,1,1,0.5,3.81,0,0.004291845493562232
gather_field_evidence,Coordinate production supply,1,1,0.5,4.53,0,0.004291845493562232
gather_field_evidence,Coordinate social services,1,1,0.5,4.21,0,0.004291845493562232
gather_field_evidence,Coordinate study protocols,1,1,0.5,4.42,0,0.004291845493562232
gather_field_evidence,Develop building designs,1,1,0.5,2.95,0,0.004291845493562232
gather_field_evidence,Develop web applications,1,1,0.5,,0,0.004291845493562232
gather_field_evidence,Diagnose vision conditions,1,1,0.5,3.52,0,0.004291845493562232
gather_field_evidence,Direct media production,1,1,0.5,3.43,1,0.004291845493562232
gather_field_evidence,Enforce public safety,1,1,0.5,4.24,0,0.004291845493562232
gather_field_evidence,Evaluate insurance claims,1,1,0.5,4.26,0,0.004291845493562232
gather_field_evidence,Install electrical wiring,1,1,0.5,3.6,0,0.004291845493562232
gather_field_evidence,Lead specialty nursing,1,1,0.5,4.17,1,0.004291845493562232
gather_field_evidence,Manage aquatic operations,1,1,0.5,4.19,0,0.004291845493562232
gather_field_evidence,Manage biofuel operations,1,1,0.5,3.93,0,0.004291845493562232
gather_field_evidence,Manage geospatial data,1,1,0.5,4.03,0,0.004291845493562232
gather_field_evidence,Manage health information,1,1,0.5,3.84,0,0.004291845493562232
gather_field_evidence,Manage regulatory submissions,1,1,0.5,3.18,0,0.004291845493562232
gather_field_evidence,Manage security operations,1,1,0.5,3.4,0,0.004291845493562232
gather_field_evidence,Manage sustainability initiatives,1,1,0.5,3.95,0,0.004291845493562232
gather_field_evidence,Organize document systems,1,1,0.5,3.22,1,0.004291845493562232
gather_field_evidence,Perform eye diagnostics,1,1,0.5,4.47,0,0.004291845493562232
gather_field_evidence,Plan extraction operations,1,1,0.5,3.38,0,0.004291845493562232
gather_field_evidence,Process online orders,1,1,0.5,3.49,0,0.004291845493562232
gather_field_evidence,Procure farm products,1,1,0.5,2.94,0,0.004291845493562232
gather_field_evidence,Provide academic tutoring,1,1,0.5,3.75,0,0.004291845493562232
gather_field_evidence,Provide animal care,1,1,0.5,4.56,0,0.004291845493562232
gather_field_evidence,Provide manual treatment,1,1,0.5,3.67,0,0.004291845493562232
gather_field_evidence,Provide maternity care,1,1,0.5,4.06,0,0.004291845493562232
gather_field_evidence,Supervise residential safety,1,1,0.5,4.44,0,0.004291845493562232
gather_field_evidence,Support anesthesia procedures,1,1,0.5,3.88,0,0.004291845493562232
gather_field_evidence,Test material performance,1,1,0.5,3.55,0,0.004291845493562232
investigate_to_assess_conditions,Supervise field crews,14,8,7.0,3.9625,0,0.04281345565749235
investigate_to_assess_conditions,Inspect and investigate,13,7,6.5,4.1525,0,0.039755351681957186
investigate_to_assess_conditions,Engineer aerospace systems,9,2,4.5,4.223333333333333,0,0.027522935779816515
investigate_to_assess_conditions,Manage workplace safety,8,3,4.0,3.674285714285714,2,0.024464831804281346
investigate_to_assess_conditions,Investigate digital evidence,7,2,3.5,3.8816666666666664,0,0.021406727828746176
investigate_to_assess_conditions,Investigate fraud,7,4,3.5,4.117142857142857,2,0.021406727828746176
investigate_to_assess_conditions,Analyze laboratory samples,6,4,3.0,3.97,2,0.01834862385321101
investigate_to_assess_conditions,Broker real estate deals,6,2,3.0,3.465,2,0.01834862385321101
investigate_to_assess_conditions,Coordinate emergency response,6,2,3.0,3.8866666666666667,0,0.01834862385321101
investigate_to_assess_conditions,Manage aquatic operations,6,3,3.0,4.11,0,0.01834862385321101
investigate_to_assess_conditions,Manage construction projects,6,2,3.0,3.23,0,0.01834862385321101
investigate_to_assess_conditions,Run geothermal plants,6,3,3.0,4.055,0,0.01834862385321101
investigate_to_assess_conditions,Appraise property value,5,2,2.5,4.058,0,0.01529051987767584
investigate_to_assess_conditions,Build robotic systems,5,3,2.5,3.55,2,0.01529051987767584
investigate_to_assess_conditions,Control product quality,5,2,2.5,3.876,0,0.01529051987767584
investigate_to_assess_conditions,Design solar systems,5,3,2.5,4.132,0,0.01529051987767584
investigate_to_assess_conditions,Draft engineering plans,5,2,2.5,3.696,4,0.01529051987767584
investigate_to_assess_conditions,Enforce public safety,5,2,2.5,4.308,0,0.01529051987767584
investigate_to_assess_conditions,Improve animal production,5,3,2.5,3.8280000000000003,2,0.01529051987767584
investigate_to_assess_conditions,Manage security operations,5,2,2.5,4.054,0,0.01529051987767584
investigate_to_assess_conditions,Oversee engineering projects,5,3,2.5,3.618,2,0.01529051987767584
investigate_to_assess_conditions,Study water resources,5,3,2.5,3.0733333333333337,0,0.01529051987767584
investigate_to_assess_conditions,Administer compensation benefits,4,3,2.0,3.91,0,0.012232415902140673
investigate_to_assess_conditions,Assess industrial impacts,4,1,2.0,2.7475,0,0.012232415902140673
investigate_to_assess_conditions,Diagnose skin conditions,4,3,2.0,4.5175,3,0.012232415902140673
investigate_to_assess_conditions,Evaluate insurance claims,4,3,2.0,4.42,0,0.012232415902140673
investigate_to_assess_conditions,Improve soil systems,4,2,2.0,3.895,0,0.012232415902140673
investigate_to_assess_conditions,Install mechanical systems,4,4,2.0,4.555,2,0.012232415902140673
investigate_to_assess_conditions,Monitor compliance,4,3,2.0,4.3500000000000005,0,0.012232415902140673
investigate_to_assess_conditions,Test automotive systems,4,2,2.0,4.3025,0,0.012232415902140673
investigate_to_assess_conditions,Arrange funeral services,3,2,1.5,4.473333333333334,0,0.009174311926605505
investigate_to_assess_conditions,Coordinate production supply,3,2,1.5,3.0666666666666664,0,0.009174311926605505
investigate_to_assess_conditions,Craft precious items,3,1,1.5,4.483333333333333,0,0.009174311926605505
investigate_to_assess_conditions,Develop building designs,3,3,1.5,3.7866666666666666,0,0.009174311926605505
investigate_to_assess_conditions,Fabricate precision parts,3,2,1.5,4.353333333333333,2,0.009174311926605505
investigate_to_assess_conditions,Improve energy efficiency,3,1,1.5,4.3133333333333335,0,0.009174311926605505
investigate_to_assess_conditions,Install electrical wiring,3,2,1.5,4.153333333333333,2,0.009174311926605505
investigate_to_assess_conditions,Install piping systems,3,2,1.5,3.816666666666667,0,0.009174311926605505
investigate_to_assess_conditions,Install telecom equipment,3,2,1.5,3.99,2,0.009174311926605505
investigate_to_assess_conditions,Lead visitor programs,3,1,1.5,3.9133333333333336,0,0.009174311926605505
investigate_to_assess_conditions,Manage funds,3,1,1.5,4.34,0,0.009174311926605505
investigate_to_assess_conditions,Model water systems,3,2,1.5,3.5666666666666664,0,0.009174311926605505
investigate_to_assess_conditions,Operate flight systems,3,3,1.5,4.84,0,0.009174311926605505
investigate_to_assess_conditions,Plan extraction operations,3,2,1.5,3.813333333333334,0,0.009174311926605505
investigate_to_assess_conditions,Plan remediation projects,3,2,1.5,4.166666666666667,0,0.009174311926605505
investigate_to_assess_conditions,Protect information systems,3,2,1.5,4.22,0,0.009174311926605505
investigate_to_assess_conditions,Repair control systems,3,1,1.5,3.81,0,0.009174311926605505
investigate_to_assess_conditions,Repair electromechanical systems,3,2,1.5,3.736666666666667,0,0.009174311926605505
investigate_to_assess_conditions,Repair mechanical equipment,3,3,1.5,4.263333333333333,2,0.009174311926605505
investigate_to_assess_conditions,Test software quality,3,1,1.5,3.6,0,0.009174311926605505
investigate_to_assess_conditions,Advance academic research,2,1,1.0,3.77,2,0.0061162079510703364
investigate_to_assess_conditions,Assess cardiovascular function,2,1,1.0,,2,0.0061162079510703364
investigate_to_assess_conditions,Coordinate creative production,2,1,1.0,4.1,2,0.0061162079510703364
investigate_to_assess_conditions,Coordinate social services,2,1,1.0,4.375,0,0.0061162079510703364
investigate_to_assess_conditions,Create visual media,2,1,1.0,4.195,0,0.0061162079510703364
investigate_to_assess_conditions,Design electrical systems,2,1,1.0,3.4299999999999997,0,0.0061162079510703364
investigate_to_assess_conditions,Design marine systems,2,2,1.0,3.755,0,0.0061162079510703364
investigate_to_assess_conditions,Develop training programs,2,1,1.0,4.675000000000001,2,0.0061162079510703364
investigate_to_assess_conditions,Direct media production,2,1,1.0,4.46,0,0.0061162079510703364
investigate_to_assess_conditions,Improve production methods,2,2,1.0,3.68,0,0.0061162079510703364
investigate_to_assess_conditions,Maintain equipment,2,2,1.0,4.04,0,0.0061162079510703364
investigate_to_assess_conditions,Manage agricultural production,2,1,1.0,,0,0.0061162079510703364
investigate_to_assess_conditions,Manage biofuel operations,2,1,1.0,3.725,0,0.0061162079510703364
investigate_to_assess_conditions,Manage forest resources,2,2,1.0,3.45,0,0.0061162079510703364
investigate_to_assess_conditions,Manage geospatial data,2,2,1.0,3.375,0,0.0061162079510703364
investigate_to_assess_conditions,Manage regulatory submissions,2,2,1.0,4.135,0,0.0061162079510703364
investigate_to_assess_conditions,Operate nuclear systems,2,2,1.0,4.125,0,0.0061162079510703364
investigate_to_assess_conditions,Optimize chemical processes,2,2,1.0,4.005,1,0.0061162079510703364
investigate_to_assess_conditions,Optimize manufacturing processes,2,1,1.0,4.31,0,0.0061162079510703364
investigate_to_assess_conditions,Plan transportation systems,2,1,1.0,3.8449999999999998,2,0.0061162079510703364
investigate_to_assess_conditions,Process customs clearance,2,1,1.0,4.275,2,0.0061162079510703364
investigate_to_assess_conditions,Procure farm products,2,2,1.0,3.515,0,0.0061162079510703364
investigate_to_assess_conditions,Produce news content,2,1,1.0,4.465,0,0.0061162079510703364
investigate_to_assess_conditions,Provide animal care,2,1,1.0,3.705,0,0.0061162079510703364
investigate_to_assess_conditions,Provide dental care,2,1,1.0,4.795,0,0.0061162079510703364
investigate_to_assess_conditions,Provide emergency medicine,2,2,1.0,4.21,0,0.0061162079510703364
investigate_to_assess_conditions,Support network systems,2,1,1.0,3.575,0,0.0061162079510703364
investigate_to_assess_conditions,Track disease outbreaks,2,2,1.0,4.105,0,0.0061162079510703364
investigate_to_assess_conditions,Adjudicate disputes,1,1,0.5,4.59,0,0.0030581039755351682
investigate_to_assess_conditions,Administer education programs,1,1,0.5,4.41,0,0.0030581039755351682
investigate_to_assess_conditions,Analyze earth systems,1,1,0.5,4.0,0,0.0030581039755351682
investigate_to_assess_conditions,Analyze investment risk,1,1,0.5,,0,0.0030581039755351682
investigate_to_assess_conditions,Analyze statistical data,1,1,0.5,4.38,1,0.0030581039755351682
investigate_to_assess_conditions,Assess credit risk,1,1,0.5,3.47,0,0.0030581039755351682
investigate_to_assess_conditions,Assist patient care,1,1,0.5,4.42,0,0.0030581039755351682
investigate_to_assess_conditions,Capture and edit images,1,1,0.5,3.84,1,0.0030581039755351682
investigate_to_assess_conditions,Conduct surveying work,1,1,0.5,,0,0.0030581039755351682
investigate_to_assess_conditions,Coordinate logistics services,1,1,0.5,3.06,0,0.0030581039755351682
investigate_to_assess_conditions,Coordinate study protocols,1,1,0.5,4.25,0,0.0030581039755351682
investigate_to_assess_conditions,Create crafted designs,1,1,0.5,4.3,0,0.0030581039755351682
investigate_to_assess_conditions,Curate historical records,1,1,0.5,3.81,0,0.0030581039755351682
investigate_to_assess_conditions,Deliver business intelligence,1,1,0.5,3.83,0,0.0030581039755351682
investigate_to_assess_conditions,Deliver radiation treatment,1,1,0.5,4.58,0,0.0030581039755351682
investigate_to_assess_conditions,Design biomedical systems,1,1,0.5,4.47,1,0.0030581039755351682
investigate_to_assess_conditions,Determine benefit eligibility,1,1,0.5,3.86,0,0.0030581039755351682
investigate_to_assess_conditions,Develop product designs,1,1,0.5,3.44,0,0.0030581039755351682
investigate_to_assess_conditions,Develop web applications,1,1,0.5,3.85,0,0.0030581039755351682
investigate_to_assess_conditions,Direct organizational strategy,1,1,0.5,,0,0.0030581039755351682
investigate_to_assess_conditions,Edit written content,1,1,0.5,3.81,1,0.0030581039755351682
investigate_to_assess_conditions,Establish property boundaries,1,1,0.5,4.89,0,0.0030581039755351682
investigate_to_assess_conditions,Manage administrative operations,1,1,0.5,3.76,0,0.0030581039755351682
investigate_to_assess_conditions,Manage distribution operations,1,1,0.5,4.3,0,0.0030581039755351682
investigate_to_assess_conditions,Manage lodging operations,1,1,0.5,4.3,0,0.0030581039755351682
investigate_to_assess_conditions,Manage sustainability initiatives,1,1,0.5,3.71,0,0.0030581039755351682
investigate_to_assess_conditions,Organize recreation activities,1,1,0.5,3.8,0,0.0030581039755351682
investigate_to_assess_conditions,Process financial records,1,1,0.5,4.1,0,0.0030581039755351682
investigate_to_assess_conditions,Produce media content,1,1,0.5,,0,0.0030581039755351682
investigate_to_assess_conditions,Provide manual treatment,1,1,0.5,3.93,1,0.0030581039755351682
investigate_to_assess_conditions,Provide maternity care,1,1,0.5,4.19,0,0.0030581039755351682
investigate_to_assess_conditions,Provide nursing care,1,1,0.5,4.53,0,0.0030581039755351682
investigate_to_assess_conditions,Support anesthesia procedures,1,1,0.5,4.55,0,0.0030581039755351682
investigate_to_assess_conditions,Support crop production,1,1,0.5,3.71,0,0.0030581039755351682
investigate_to_assess_conditions,Treat physical disability,1,1,0.5,3.77,1,0.0030581039755351682
manage_budgets_and_resources,Teach and develop courses,27,27,13.5,3.6837037037037033,3,0.09407665505226481
manage_budgets_and_resources,Supervise field crews,18,9,9.0,3.68875,0,0.0627177700348432
manage_budgets_and_resources,Deliver classroom instruction,14,12,7.0,3.464166666666667,0,0.04878048780487805
manage_budgets_and_resources,Manage administrative operations,8,4,4.0,3.90625,3,0.027874564459930314
manage_budgets_and_resources,Coordinate production supply,7,3,3.5,3.7842857142857147,0,0.024390243902439025
manage_budgets_and_resources,Broker real estate deals,5,2,2.5,4.0520000000000005,3,0.017421602787456445
manage_budgets_and_resources,Manage agricultural production,5,2,2.5,3.9499999999999997,0,0.017421602787456445
manage_budgets_and_resources,Manage biofuel operations,5,2,2.5,3.758,0,0.017421602787456445
manage_budgets_and_resources,Support network systems,5,2,2.5,3.402,0,0.017421602787456445
manage_budgets_and_resources,Administer compensation benefits,4,3,2.0,3.8725,0,0.013937282229965157
manage_budgets_and_resources,Assist patient care,4,4,2.0,3.6375,2,0.013937282229965157
manage_budgets_and_resources,Capture and edit images,4,2,2.0,3.6875,3,0.013937282229965157
manage_budgets_and_resources,Create crafted designs,4,3,2.0,3.7025,0,0.013937282229965157
manage_budgets_and_resources,Install electrical wiring,4,4,2.0,3.8275,1,0.013937282229965157
manage_budgets_and_resources,Manage construction projects,4,2,2.0,3.5700000000000003,0,0.013937282229965157
manage_budgets_and_resources,Operate wind facilities,4,2,2.0,4.005,0,0.013937282229965157
manage_budgets_and_resources,Provide animal care,4,3,2.0,4.1274999999999995,0,0.013937282229965157
manage_budgets_and_resources,Coordinate food preparation,3,2,1.5,4.446666666666666,0,0.010452961672473868
manage_budgets_and_resources,Coordinate study protocols,3,1,1.5,3.436666666666667,0,0.010452961672473868
manage_budgets_and_resources,Coordinate wellness programs,3,2,1.5,3.7433333333333336,0,0.010452961672473868
manage_budgets_and_resources,Design solar systems,3,1,1.5,3.6166666666666667,0,0.010452961672473868
manage_budgets_and_resources,Direct media production,3,2,1.5,3.4433333333333334,0,0.010452961672473868
manage_budgets_and_resources,Direct organizational strategy,3,1,1.5,4.109999999999999,0,0.010452961672473868
manage_budgets_and_resources,Draft engineering plans,3,2,1.5,3.44,0,0.010452961672473868
manage_budgets_and_resources,Fabricate precision parts,3,2,1.5,3.893333333333333,2,0.010452961672473868
manage_budgets_and_resources,Lead religious services,3,2,1.5,3.4499999999999997,0,0.010452961672473868
manage_budgets_and_resources,Manage IT operations,3,2,1.5,3.23,0,0.010452961672473868
manage_budgets_and_resources,Manage library services,3,3,1.5,3.936666666666667,1,0.010452961672473868
manage_budgets_and_resources,Manage lodging operations,3,2,1.5,4.193333333333333,0,0.010452961672473868
manage_budgets_and_resources,Manage projects,3,1,1.5,4.16,0,0.010452961672473868
manage_budgets_and_resources,Organize recreation activities,3,2,1.5,4.073333333333333,0,0.010452961672473868
manage_budgets_and_resources,Plan marketing campaigns,3,2,1.5,3.7733333333333334,0,0.010452961672473868
manage_budgets_and_resources,Teach postsecondary courses,3,2,1.5,3.3666666666666667,0,0.010452961672473868
manage_budgets_and_resources,Administer education programs,2,2,1.0,4.029999999999999,0,0.006968641114982578
manage_budgets_and_resources,Arrange funeral services,2,1,1.0,3.65,0,0.006968641114982578
manage_budgets_and_resources,Assess cardiovascular function,2,2,1.0,3.61,1,0.006968641114982578
manage_budgets_and_resources,Conduct survey research,2,1,1.0,3.44,0,0.006968641114982578
manage_budgets_and_resources,Coordinate logistics services,2,1,1.0,3.985,0,0.006968641114982578
manage_budgets_and_resources,Curate historical records,2,2,1.0,3.205,0,0.006968641114982578
manage_budgets_and_resources,Deliver college instruction,2,2,1.0,3.8049999999999997,0,0.006968641114982578
manage_budgets_and_resources,Design electrical systems,2,1,1.0,2.98,0,0.006968641114982578
manage_budgets_and_resources,Design marine systems,2,2,1.0,3.75,0,0.006968641114982578
manage_budgets_and_resources,Develop training programs,2,2,1.0,3.91,0,0.006968641114982578
manage_budgets_and_resources,Diagnose vision conditions,2,2,1.0,4.04,0,0.006968641114982578
manage_budgets_and_resources,Improve animal production,2,2,1.0,3.405,1,0.006968641114982578
manage_budgets_and_resources,Improve energy efficiency,2,2,1.0,3.45,2,0.006968641114982578
manage_budgets_and_resources,Inspect and investigate,2,2,1.0,3.8499999999999996,0,0.006968641114982578
manage_budgets_and_resources,Install mechanical systems,2,2,1.0,4.22,2,0.006968641114982578
manage_budgets_and_resources,Maintain equipment,2,2,1.0,3.815,0,0.006968641114982578
manage_budgets_and_resources,Manage distribution operations,2,1,1.0,3.9,0,0.006968641114982578
manage_budgets_and_resources,Manage financial operations,2,2,1.0,4.81,0,0.006968641114982578
manage_budgets_and_resources,Manage funds,2,2,1.0,3.75,0,0.006968641114982578
manage_budgets_and_resources,Manage performer careers,2,2,1.0,3.6799999999999997,0,0.006968641114982578
manage_budgets_and_resources,Manage public relations,2,2,1.0,2.78,0,0.006968641114982578
manage_budgets_and_resources,Manage security operations,2,1,1.0,4.15,0,0.006968641114982578
manage_budgets_and_resources,Optimize chemical processes,2,2,1.0,3.5700000000000003,0,0.006968641114982578
manage_budgets_and_resources,Optimize manufacturing processes,2,2,1.0,3.23,0,0.006968641114982578
manage_budgets_and_resources,Oversee engineering projects,2,2,1.0,3.67,1,0.006968641114982578
manage_budgets_and_resources,Perform dance routines,2,1,1.0,4.625,2,0.006968641114982578
manage_budgets_and_resources,Produce media content,2,1,1.0,3.3,0,0.006968641114982578
manage_budgets_and_resources,Provide nursing care,2,1,1.0,4.385,0,0.006968641114982578
manage_budgets_and_resources,Provide nutrition counseling,2,2,1.0,3.7300000000000004,0,0.006968641114982578
manage_budgets_and_resources,Raise charitable funds,2,2,1.0,3.9699999999999998,1,0.006968641114982578
manage_budgets_and_resources,Repair electromechanical systems,2,1,1.0,3.3449999999999998,0,0.006968641114982578
manage_budgets_and_resources,Repair mechanical equipment,2,2,1.0,3.9450000000000003,2,0.006968641114982578
manage_budgets_and_resources,Run geothermal plants,2,2,1.0,3.8,0,0.006968641114982578
manage_budgets_and_resources,Supervise residential safety,2,1,1.0,3.605,0,0.006968641114982578
manage_budgets_and_resources,Treat physical disability,2,2,1.0,3.135,1,0.006968641114982578
manage_budgets_and_resources,Analyze laboratory samples,1,1,0.5,3.63,1,0.003484320557491289
manage_budgets_and_resources,Assess hearing function,1,1,0.5,3.86,0,0.003484320557491289
manage_budgets_and_resources,Assess learner progress,1,1,0.5,3.23,0,0.003484320557491289
manage_budgets_and_resources,Conduct biological research,1,1,0.5,3.17,0,0.003484320557491289
manage_budgets_and_resources,Conduct surveying work,1,1,0.5,,0,0.003484320557491289
manage_budgets_and_resources,Control product quality,1,1,0.5,3.56,0,0.003484320557491289
manage_budgets_and_resources,Coordinate creative production,1,1,0.5,4.37,0,0.003484320557491289
manage_budgets_and_resources,Coordinate curriculum improvement,1,1,0.5,3.85,0,0.003484320557491289
manage_budgets_and_resources,Coordinate emergency response,1,1,0.5,4.29,0,0.003484320557491289
manage_budgets_and_resources,Craft precious items,1,1,0.5,4.24,0,0.003484320557491289
manage_budgets_and_resources,Deliver business intelligence,1,1,0.5,3.8,1,0.003484320557491289
manage_budgets_and_resources,Deliver creative therapy,1,1,0.5,3.94,0,0.003484320557491289
manage_budgets_and_resources,Design biomedical systems,1,1,0.5,3.6,1,0.003484320557491289
manage_budgets_and_resources,Develop photonic systems,1,1,0.5,3.0,0,0.003484320557491289
manage_budgets_and_resources,Diagnose skin conditions,1,1,0.5,3.98,1,0.003484320557491289
manage_budgets_and_resources,Dispense medications,1,1,0.5,4.2,0,0.003484320557491289
manage_budgets_and_resources,Engineer aerospace systems,1,1,0.5,3.7,0,0.003484320557491289
manage_budgets_and_resources,Evaluate insurance claims,1,1,0.5,2.36,0,0.003484320557491289
manage_budgets_and_resources,Evaluate student work,1,1,0.5,3.84,1,0.003484320557491289
manage_budgets_and_resources,Improve production methods,1,1,0.5,,0,0.003484320557491289
manage_budgets_and_resources,Install piping systems,1,1,0.5,3.73,0,0.003484320557491289
manage_budgets_and_resources,Install telecom equipment,1,1,0.5,3.86,0,0.003484320557491289
manage_budgets_and_resources,Lead specialty nursing,1,1,0.5,3.58,1,0.003484320557491289
manage_budgets_and_resources,Manage anesthesia care,1,1,0.5,3.5,0,0.003484320557491289
manage_budgets_and_resources,Manage aquatic operations,1,1,0.5,3.51,0,0.003484320557491289
manage_budgets_and_resources,Manage forest resources,1,1,0.5,3.7,0,0.003484320557491289
manage_budgets_and_resources,Manage regulatory submissions,1,1,0.5,3.77,0,0.003484320557491289
manage_budgets_and_resources,Manage sustainability initiatives,1,1,0.5,3.35,0,0.003484320557491289
manage_budgets_and_resources,Plan remediation projects,1,1,0.5,4.18,0,0.003484320557491289
manage_budgets_and_resources,Plan transportation systems,1,1,0.5,3.71,0,0.003484320557491289
manage_budgets_and_resources,Process online orders,1,1,0.5,4.08,0,0.003484320557491289
manage_budgets_and_resources,Provide academic tutoring,1,1,0.5,3.4,0,0.003484320557491289
manage_budgets_and_resources,Provide behavioral counseling,1,1,0.5,3.9,1,0.003484320557491289
manage_budgets_and_resources,Provide dental care,1,1,0.5,4.6,0,0.003484320557491289
manage_budgets_and_resources,Provide hair services,1,1,0.5,3.61,0,0.003484320557491289
manage_budgets_and_resources,Sell technical products,1,1,0.5,3.33,0,0.003484320557491289
manage_budgets_and_resources,Serve academic governance,1,1,0.5,3.84,1,0.003484320557491289
manage_budgets_and_resources,Study water resources,1,1,0.5,3.0,0,0.003484320557491289
manage_budgets_and_resources,Support classroom learning,1,1,0.5,3.46,0,0.003484320557491289
manage_budgets_and_resources,Support rehabilitation therapy,1,1,0.5,3.96,0,0.003484320557491289
manage_budgets_and_resources,Test automotive systems,1,1,0.5,3.52,0,0.003484320557491289
manage_budgets_and_resources,Test material performance,1,1,0.5,3.45,0,0.003484320557491289
manage_budgets_and_resources,Track logistics flow,1,1,0.5,2.4,0,0.003484320557491289
monitor_equipment_and_environments,Assess cardiovascular function,10,4,5.0,4.5575,2,0.03225806451612903
monitor_equipment_and_environments,Operate flight systems,10,4,5.0,4.669,0,0.03225806451612903
monitor_equipment_and_environments,Supervise field crews,8,6,4.0,3.9857142857142853,0,0.025806451612903226
monitor_equipment_and_environments,Design marine systems,7,3,3.5,4.461428571428572,0,0.02258064516129032
monitor_equipment_and_environments,Operate nuclear systems,7,3,3.5,4.587142857142857,0,0.02258064516129032
monitor_equipment_and_environments,Enforce public safety,6,2,3.0,4.246666666666667,0,0.01935483870967742
monitor_equipment_and_environments,Provide emergency medicine,6,6,3.0,4.672,0,0.01935483870967742
monitor_equipment_and_environments,Coordinate wellness programs,5,4,2.5,4.4399999999999995,0,0.016129032258064516
monitor_equipment_and_environments,Deliver radiation treatment,5,3,2.5,4.6225000000000005,0,0.016129032258064516
monitor_equipment_and_environments,Manage agricultural production,5,2,2.5,3.84,1,0.016129032258064516
monitor_equipment_and_environments,Manage aquatic operations,5,3,2.5,4.468,0,0.016129032258064516
monitor_equipment_and_environments,Protect information systems,5,2,2.5,4.140000000000001,0,0.016129032258064516
monitor_equipment_and_environments,Provide animal care,5,3,2.5,4.584,0,0.016129032258064516
monitor_equipment_and_environments,Support anesthesia procedures,5,2,2.5,4.568,0,0.016129032258064516
monitor_equipment_and_environments,Track logistics flow,5,1,2.5,4.086,0,0.016129032258064516
monitor_equipment_and_environments,Control product quality,4,2,2.0,4.2,0,0.012903225806451613
monitor_equipment_and_environments,Develop web applications,4,2,2.0,3.9975,0,0.012903225806451613
monitor_equipment_and_environments,Inspect and investigate,4,3,2.0,4.3575,0,0.012903225806451613
monitor_equipment_and_environments,Maintain equipment,4,3,2.0,4.1274999999999995,0,0.012903225806451613
monitor_equipment_and_environments,Manage forest resources,4,2,2.0,3.3825000000000003,0,0.012903225806451613
monitor_equipment_and_environments,Manage lodging operations,4,3,2.0,4.18,0,0.012903225806451613
monitor_equipment_and_environments,Manage projects,4,2,2.0,4.29,0,0.012903225806451613
monitor_equipment_and_environments,Produce media content,4,2,2.0,4.18,0,0.012903225806451613
monitor_equipment_and_environments,Provide nursing care,4,2,2.0,4.63,0,0.012903225806451613
monitor_equipment_and_environments,Adjudicate disputes,3,2,1.5,4.476666666666667,0,0.00967741935483871
monitor_equipment_and_environments,Analyze investment risk,3,2,1.5,,0,0.00967741935483871
monitor_equipment_and_environments,Analyze organizational problems,3,3,1.5,3.793333333333333,0,0.00967741935483871
monitor_equipment_and_environments,Apply legal analysis,3,2,1.5,3.436666666666666,0,0.00967741935483871
monitor_equipment_and_environments,Deliver classroom instruction,3,3,1.5,4.183333333333334,0,0.00967741935483871
monitor_equipment_and_environments,Diagnose psychiatric conditions,3,1,1.5,4.033333333333333,0,0.00967741935483871
monitor_equipment_and_environments,Direct media production,3,2,1.5,3.813333333333334,0,0.00967741935483871
monitor_equipment_and_environments,Dispense medications,3,2,1.5,4.45,0,0.00967741935483871
monitor_equipment_and_environments,Draft engineering plans,3,2,1.5,3.6366666666666667,2,0.00967741935483871
monitor_equipment_and_environments,Improve animal production,3,2,1.5,4.026666666666666,2,0.00967741935483871
monitor_equipment_and_environments,Manage administrative operations,3,3,1.5,4.033333333333333,1,0.00967741935483871
monitor_equipment_and_environments,Manage biofuel operations,3,2,1.5,3.9966666666666666,0,0.00967741935483871
monitor_equipment_and_environments,Manage construction projects,3,1,1.5,3.9433333333333334,0,0.00967741935483871
monitor_equipment_and_environments,Manage financial operations,3,2,1.5,4.16,0,0.00967741935483871
monitor_equipment_and_environments,Manage funds,3,3,1.5,4.34,1,0.00967741935483871
monitor_equipment_and_environments,Manage regulatory submissions,3,1,1.5,3.4966666666666666,0,0.00967741935483871
monitor_equipment_and_environments,Monitor compliance,3,2,1.5,3.926666666666667,0,0.00967741935483871
monitor_equipment_and_environments,Organize document systems,3,2,1.5,3.8533333333333335,0,0.00967741935483871
monitor_equipment_and_environments,Oversee engineering projects,3,2,1.5,3.766666666666667,2,0.00967741935483871
monitor_equipment_and_environments,Plan extraction operations,3,2,1.5,3.9433333333333334,0,0.00967741935483871
monitor_equipment_and_environments,Process financial records,3,3,1.5,3.9800000000000004,0,0.00967741935483871
monitor_equipment_and_environments,Procure farm products,3,2,1.5,3.5400000000000005,0,0.00967741935483871
monitor_equipment_and_environments,Provide maternity care,3,2,1.5,4.77,0,0.00967741935483871
monitor_equipment_and_environments,Run geothermal plants,3,3,1.5,4.113333333333333,0,0.00967741935483871
monitor_equipment_and_environments,Support network systems,3,3,1.5,3.8066666666666666,0,0.00967741935483871
monitor_equipment_and_environments,Administer education programs,2,1,1.0,4.135,0,0.0064516129032258064
monitor_equipment_and_environments,Advance nanoscale research,2,1,1.0,4.0,0,0.0064516129032258064
monitor_equipment_and_environments,Analyze economic trends,2,1,1.0,2.8099999999999996,0,0.0064516129032258064
monitor_equipment_and_environments,Analyze laboratory samples,2,2,1.0,4.29,1,0.0064516129032258064
monitor_equipment_and_environments,Analyze remote sensing data,2,2,1.0,3.81,0,0.0064516129032258064
monitor_equipment_and_environments,Coordinate creative production,2,2,1.0,4.235,0,0.0064516129032258064
monitor_equipment_and_environments,Coordinate production supply,2,1,1.0,3.8150000000000004,0,0.0064516129032258064
monitor_equipment_and_environments,Deliver business intelligence,2,2,1.0,3.685,1,0.0064516129032258064
monitor_equipment_and_environments,Design computer systems,2,2,1.0,3.74,0,0.0064516129032258064
monitor_equipment_and_environments,Develop training programs,2,2,1.0,4.27,1,0.0064516129032258064
monitor_equipment_and_environments,Evaluate loan applications,2,1,1.0,4.02,2,0.0064516129032258064
monitor_equipment_and_environments,Improve energy efficiency,2,1,1.0,4.07,0,0.0064516129032258064
monitor_equipment_and_environments,Improve production methods,2,1,1.0,,0,0.0064516129032258064
monitor_equipment_and_environments,Investigate fraud,2,1,1.0,4.055,0,0.0064516129032258064
monitor_equipment_and_environments,Lead specialty nursing,2,2,1.0,4.45,1,0.0064516129032258064
monitor_equipment_and_environments,Manage IT operations,2,2,1.0,3.9400000000000004,0,0.0064516129032258064
monitor_equipment_and_environments,Manage anesthesia care,2,2,1.0,4.88,0,0.0064516129032258064
monitor_equipment_and_environments,Manage distribution operations,2,1,1.0,4.025,0,0.0064516129032258064
monitor_equipment_and_environments,Manage performer careers,2,2,1.0,4.425000000000001,0,0.0064516129032258064
monitor_equipment_and_environments,Manage sustainability initiatives,2,2,1.0,4.3,0,0.0064516129032258064
monitor_equipment_and_environments,Model water systems,2,1,1.0,3.175,0,0.0064516129032258064
monitor_equipment_and_environments,Optimize manufacturing processes,2,2,1.0,3.475,0,0.0064516129032258064
monitor_equipment_and_environments,Process customs clearance,2,2,1.0,4.22,1,0.0064516129032258064
monitor_equipment_and_environments,Provide behavioral counseling,2,2,1.0,3.7750000000000004,0,0.0064516129032258064
monitor_equipment_and_environments,Provide nutrition counseling,2,2,1.0,4.05,0,0.0064516129032258064
monitor_equipment_and_environments,Raise charitable funds,2,1,1.0,3.665,0,0.0064516129032258064
monitor_equipment_and_environments,Repair mechanical equipment,2,1,1.0,4.095,0,0.0064516129032258064
monitor_equipment_and_environments,Support classroom learning,2,2,1.0,4.529999999999999,1,0.0064516129032258064
monitor_equipment_and_environments,Support rehabilitation therapy,2,2,1.0,4.38,0,0.0064516129032258064
monitor_equipment_and_environments,Test material performance,2,2,1.0,4.08,0,0.0064516129032258064
monitor_equipment_and_environments,Test software quality,2,1,1.0,4.045,0,0.0064516129032258064
monitor_equipment_and_environments,Administer compensation benefits,1,1,0.5,4.0,0,0.0032258064516129032
monitor_equipment_and_environments,Advance academic research,1,1,0.5,4.46,1,0.0032258064516129032
monitor_equipment_and_environments,Analyze statistical data,1,1,0.5,3.94,0,0.0032258064516129032
monitor_equipment_and_environments,Assess hearing function,1,1,0.5,4.62,0,0.0032258064516129032
monitor_equipment_and_environments,Assess industrial impacts,1,1,0.5,3.91,0,0.0032258064516129032
monitor_equipment_and_environments,Assess neurological function,1,1,0.5,4.4,0,0.0032258064516129032
monitor_equipment_and_environments,Assist patient care,1,1,0.5,4.52,1,0.0032258064516129032
monitor_equipment_and_environments,Broker real estate deals,1,1,0.5,4.06,0,0.0032258064516129032
monitor_equipment_and_environments,Build robotic systems,1,1,0.5,3.83,0,0.0032258064516129032
monitor_equipment_and_environments,Capture and edit images,1,1,0.5,4.39,1,0.0032258064516129032
monitor_equipment_and_environments,Conduct survey research,1,1,0.5,4.42,0,0.0032258064516129032
monitor_equipment_and_environments,Conduct surveying work,1,1,0.5,4.16,0,0.0032258064516129032
monitor_equipment_and_environments,Coordinate emergency response,1,1,0.5,4.05,0,0.0032258064516129032
monitor_equipment_and_environments,Coordinate food preparation,1,1,0.5,4.87,0,0.0032258064516129032
monitor_equipment_and_environments,Coordinate social services,1,1,0.5,3.39,1,0.0032258064516129032
monitor_equipment_and_environments,Deliver physical therapy,1,1,0.5,4.05,0,0.0032258064516129032
monitor_equipment_and_environments,Design solar systems,1,1,0.5,3.76,0,0.0032258064516129032
monitor_equipment_and_environments,Determine benefit eligibility,1,1,0.5,3.62,0,0.0032258064516129032
monitor_equipment_and_environments,Develop building designs,1,1,0.5,4.2,0,0.0032258064516129032
monitor_equipment_and_environments,Diagnose skin conditions,1,1,0.5,4.36,1,0.0032258064516129032
monitor_equipment_and_environments,Diagnose vision conditions,1,1,0.5,4.14,0,0.0032258064516129032
monitor_equipment_and_environments,Engineer aerospace systems,1,1,0.5,4.15,0,0.0032258064516129032
monitor_equipment_and_environments,Fabricate precision parts,1,1,0.5,4.64,1,0.0032258064516129032
monitor_equipment_and_environments,Install mechanical systems,1,1,0.5,,0,0.0032258064516129032
monitor_equipment_and_environments,Install telecom equipment,1,1,0.5,4.1,0,0.0032258064516129032
monitor_equipment_and_environments,Lead visitor programs,1,1,0.5,4.75,0,0.0032258064516129032
monitor_equipment_and_environments,Manage health information,1,1,0.5,,0,0.0032258064516129032
monitor_equipment_and_environments,Manage library services,1,1,0.5,4.87,1,0.0032258064516129032
monitor_equipment_and_environments,Manage security operations,1,1,0.5,3.2,0,0.0032258064516129032
monitor_equipment_and_environments,Manage workplace safety,1,1,0.5,3.81,0,0.0032258064516129032
monitor_equipment_and_environments,Optimize chemical processes,1,1,0.5,4.38,0,0.0032258064516129032
monitor_equipment_and_environments,Plan marketing campaigns,1,1,0.5,3.74,1,0.0032258064516129032
monitor_equipment_and_environments,Produce news content,1,1,0.5,4.1,0,0.0032258064516129032
monitor_equipment_and_environments,Provide academic tutoring,1,1,0.5,4.14,0,0.0032258064516129032
monitor_equipment_and_environments,Provide manual treatment,1,1,0.5,3.67,0,0.0032258064516129032
monitor_equipment_and_environments,Repair electromechanical systems,1,1,0.5,,0,0.0032258064516129032
monitor_equipment_and_environments,Sell technical products,1,1,0.5,4.06,0,0.0032258064516129032
monitor_equipment_and_environments,Study water resources,1,1,0.5,,0,0.0032258064516129032
monitor_equipment_and_environments,Supervise residential safety,1,1,0.5,4.27,0,0.0032258064516129032
monitor_equipment_and_environments,Test automotive systems,1,1,0.5,4.11,0,0.0032258064516129032
monitor_equipment_and_environments,Trade securities,1,1,0.5,4.75,0,0.0032258064516129032
monitor_equipment_and_environments,Translate and interpret,1,1,0.5,4.47,0,0.0032258064516129032
monitor_equipment_and_environments,Treat physical disability,1,1,0.5,4.49,0,0.0032258064516129032
negotiate_or_mediate,Administer compensation benefits,8,4,4.0,3.875,0,0.08247422680412371
negotiate_or_mediate,Broker real estate deals,8,3,4.0,3.76375,5,0.08247422680412371
negotiate_or_mediate,Adjudicate disputes,5,2,2.5,4.098000000000001,0,0.05154639175257732
negotiate_or_mediate,Apply legal analysis,4,3,2.0,3.445,0,0.041237113402061855
negotiate_or_mediate,Coordinate production supply,4,3,2.0,3.91,0,0.041237113402061855
negotiate_or_mediate,Direct media production,4,2,2.0,3.7733333333333334,2,0.041237113402061855
negotiate_or_mediate,Evaluate insurance claims,4,3,2.0,3.8033333333333332,0,0.041237113402061855
negotiate_or_mediate,Direct organizational strategy,3,2,1.5,4.06,0,0.030927835051546393
negotiate_or_mediate,Manage forest resources,3,1,1.5,3.686666666666667,0,0.030927835051546393
negotiate_or_mediate,Plan marketing campaigns,3,2,1.5,3.65,0,0.030927835051546393
negotiate_or_mediate,Procure farm products,3,3,1.5,4.176666666666667,0,0.030927835051546393
negotiate_or_mediate,Sell technical products,3,2,1.5,4.3,0,0.030927835051546393
negotiate_or_mediate,Arrange funeral services,2,2,1.0,4.03,0,0.020618556701030927
negotiate_or_mediate,Develop training programs,2,2,1.0,3.9850000000000003,1,0.020618556701030927
negotiate_or_mediate,Manage agricultural production,2,2,1.0,3.735,0,0.020618556701030927
negotiate_or_mediate,Manage construction projects,2,2,1.0,4.08,0,0.020618556701030927
negotiate_or_mediate,Manage funds,2,1,1.0,3.71,0,0.020618556701030927
negotiate_or_mediate,Manage performer careers,2,2,1.0,3.495,0,0.020618556701030927
negotiate_or_mediate,Manage projects,2,2,1.0,3.71,0,0.020618556701030927
negotiate_or_mediate,Optimize search visibility,2,1,1.0,3.035,0,0.020618556701030927
negotiate_or_mediate,Plan transportation systems,2,2,1.0,3.91,1,0.020618556701030927
negotiate_or_mediate,Raise charitable funds,2,1,1.0,4.655,0,0.020618556701030927
negotiate_or_mediate,Trade securities,2,1,1.0,4.65,0,0.020618556701030927
negotiate_or_mediate,Advance academic research,1,1,0.5,3.8,1,0.010309278350515464
negotiate_or_mediate,Analyze economic trends,1,1,0.5,2.75,1,0.010309278350515464
negotiate_or_mediate,Assess credit risk,1,1,0.5,4.35,0,0.010309278350515464
negotiate_or_mediate,Coordinate creative production,1,1,0.5,3.68,0,0.010309278350515464
negotiate_or_mediate,Coordinate food preparation,1,1,0.5,3.54,0,0.010309278350515464
negotiate_or_mediate,Curate historical records,1,1,0.5,3.84,0,0.010309278350515464
negotiate_or_mediate,Dispense medications,1,1,0.5,4.06,0,0.010309278350515464
negotiate_or_mediate,Draft engineering plans,1,1,0.5,3.59,0,0.010309278350515464
negotiate_or_mediate,Edit written content,1,1,0.5,3.12,0,0.010309278350515464
negotiate_or_mediate,Evaluate loan applications,1,1,0.5,,0,0.010309278350515464
negotiate_or_mediate,Improve energy efficiency,1,1,0.5,3.61,0,0.010309278350515464
negotiate_or_mediate,Improve soil systems,1,1,0.5,3.28,0,0.010309278350515464
negotiate_or_mediate,Inspect and investigate,1,1,0.5,4.25,0,0.010309278350515464
negotiate_or_mediate,Investigate fraud,1,1,0.5,3.75,0,0.010309278350515464
negotiate_or_mediate,Manage distribution operations,1,1,0.5,3.57,0,0.010309278350515464
negotiate_or_mediate,Manage lodging operations,1,1,0.5,4.08,0,0.010309278350515464
negotiate_or_mediate,Model water systems,1,1,0.5,3.0,0,0.010309278350515464
negotiate_or_mediate,Operate wind facilities,1,1,0.5,4.04,0,0.010309278350515464
negotiate_or_mediate,Plan remediation projects,1,1,0.5,3.43,0,0.010309278350515464
negotiate_or_mediate,Run geothermal plants,1,1,0.5,4.16,0,0.010309278350515464
negotiate_or_mediate,Study water resources,1,1,0.5,3.0,0,0.010309278350515464
negotiate_or_mediate,Supervise field crews,1,1,0.5,3.96,0,0.010309278350515464
negotiate_or_mediate,Supervise residential safety,1,1,0.5,4.24,0,0.010309278350515464
operate_equipment_or_systems,Produce media content,34,4,17.0,3.895555555555555,0,0.0728051391862955
operate_equipment_or_systems,Fabricate precision parts,27,7,13.5,4.163703703703704,14,0.057815845824411134
operate_equipment_or_systems,Install piping systems,23,2,11.5,3.7699999999999996,0,0.04925053533190578
operate_equipment_or_systems,Deliver radiation treatment,19,4,9.5,4.714210526315789,0,0.04068522483940043
operate_equipment_or_systems,Direct media production,17,5,8.5,4.235294117647059,1,0.03640256959314775
operate_equipment_or_systems,Craft precious items,16,2,8.0,3.77875,0,0.034261241970021415
operate_equipment_or_systems,Manage aquatic operations,16,2,8.0,4.074375,0,0.034261241970021415
operate_equipment_or_systems,Operate flight systems,11,4,5.5,4.757272727272727,0,0.023554603854389723
operate_equipment_or_systems,Support anesthesia procedures,11,2,5.5,4.517272727272727,0,0.023554603854389723
operate_equipment_or_systems,Capture and edit images,10,2,5.0,4.082,0,0.021413276231263382
operate_equipment_or_systems,Inspect and investigate,10,4,5.0,4.289,0,0.021413276231263382
operate_equipment_or_systems,Assess cardiovascular function,9,5,4.5,4.55,3,0.019271948608137045
operate_equipment_or_systems,Create visual media,9,1,4.5,4.244444444444444,0,0.019271948608137045
operate_equipment_or_systems,Design marine systems,9,2,4.5,4.134444444444444,0,0.019271948608137045
operate_equipment_or_systems,Design solar systems,9,2,4.5,4.208888888888889,0,0.019271948608137045
operate_equipment_or_systems,Develop photonic systems,9,2,4.5,3.3822222222222225,0,0.019271948608137045
operate_equipment_or_systems,Install electrical wiring,9,4,4.5,4.14,1,0.019271948608137045
operate_equipment_or_systems,Install telecom equipment,9,2,4.5,3.881111111111111,1,0.019271948608137045
operate_equipment_or_systems,Maintain equipment,9,4,4.5,4.1211111111111105,0,0.019271948608137045
operate_equipment_or_systems,Install mechanical systems,8,2,4.0,3.985,3,0.017130620985010708
operate_equipment_or_systems,Engineer aerospace systems,7,2,3.5,3.894285714285714,0,0.014989293361884369
operate_equipment_or_systems,Supervise field crews,7,4,3.5,3.848333333333333,0,0.014989293361884369
operate_equipment_or_systems,Support network systems,7,3,3.5,3.858571428571428,0,0.014989293361884369
operate_equipment_or_systems,Manage biofuel operations,6,2,3.0,3.8233333333333337,0,0.01284796573875803
operate_equipment_or_systems,Manage workplace safety,6,2,3.0,3.8516666666666666,0,0.01284796573875803
operate_equipment_or_systems,Assist patient care,5,2,2.5,4.034000000000001,0,0.010706638115631691
operate_equipment_or_systems,Build robotic systems,5,3,2.5,3.53,1,0.010706638115631691
operate_equipment_or_systems,Curate historical records,5,1,2.5,3.91,0,0.010706638115631691
operate_equipment_or_systems,Manage funds,5,1,2.5,4.576,5,0.010706638115631691
operate_equipment_or_systems,Manage library services,5,3,2.5,4.1160000000000005,3,0.010706638115631691
operate_equipment_or_systems,Manage performer careers,5,2,2.5,4.0125,0,0.010706638115631691
operate_equipment_or_systems,Operate nuclear systems,5,2,2.5,4.686,0,0.010706638115631691
operate_equipment_or_systems,Organize document systems,5,2,2.5,3.9839999999999995,3,0.010706638115631691
operate_equipment_or_systems,Run geothermal plants,5,2,2.5,4.264,0,0.010706638115631691
operate_equipment_or_systems,Support crop production,5,2,2.5,3.622,0,0.010706638115631691
operate_equipment_or_systems,Analyze laboratory samples,4,4,2.0,4.3525,1,0.008565310492505354
operate_equipment_or_systems,Coordinate creative production,4,2,2.0,4.27,3,0.008565310492505354
operate_equipment_or_systems,Deliver classroom instruction,4,4,2.0,4.0375,0,0.008565310492505354
operate_equipment_or_systems,Process financial records,4,2,2.0,4.275,0,0.008565310492505354
operate_equipment_or_systems,Repair electromechanical systems,4,2,2.0,3.8275,0,0.008565310492505354
operate_equipment_or_systems,Administer databases,3,3,1.5,3.49,0,0.006423982869379015
operate_equipment_or_systems,Develop web applications,3,2,1.5,3.65,0,0.006423982869379015
operate_equipment_or_systems,Diagnose vision conditions,3,1,1.5,4.223333333333334,0,0.006423982869379015
operate_equipment_or_systems,Lead specialty nursing,3,1,1.5,4.183333333333334,3,0.006423982869379015
operate_equipment_or_systems,Manage agricultural production,3,1,1.5,4.155,0,0.006423982869379015
operate_equipment_or_systems,Manage forest resources,3,2,1.5,3.2899999999999996,0,0.006423982869379015
operate_equipment_or_systems,Repair mechanical equipment,3,2,1.5,3.7833333333333337,3,0.006423982869379015
operate_equipment_or_systems,Support classroom learning,3,2,1.5,3.9033333333333338,1,0.006423982869379015
operate_equipment_or_systems,Advance nanoscale research,2,1,1.0,3.585,0,0.004282655246252677
operate_equipment_or_systems,Create technical drawings,2,1,1.0,3.6,0,0.004282655246252677
operate_equipment_or_systems,Deliver physical therapy,2,1,1.0,3.9000000000000004,0,0.004282655246252677
operate_equipment_or_systems,Design electrical systems,2,2,1.0,3.94,0,0.004282655246252677
operate_equipment_or_systems,Enforce public safety,2,1,1.0,4.18,0,0.004282655246252677
operate_equipment_or_systems,Improve animal production,2,2,1.0,4.245,1,0.004282655246252677
operate_equipment_or_systems,Operate wind facilities,2,1,1.0,3.8049999999999997,0,0.004282655246252677
operate_equipment_or_systems,Organize recreation activities,2,2,1.0,3.37,0,0.004282655246252677
operate_equipment_or_systems,Process online orders,2,1,1.0,3.83,0,0.004282655246252677
operate_equipment_or_systems,Provide emergency medicine,2,2,1.0,,0,0.004282655246252677
operate_equipment_or_systems,Repair control systems,2,1,1.0,3.885,0,0.004282655246252677
operate_equipment_or_systems,Study water resources,2,1,1.0,3.92,0,0.004282655246252677
operate_equipment_or_systems,Test software quality,2,1,1.0,3.855,0,0.004282655246252677
operate_equipment_or_systems,Trade securities,2,1,1.0,4.67,0,0.004282655246252677
operate_equipment_or_systems,Analyze statistical data,1,1,0.5,3.86,1,0.0021413276231263384
operate_equipment_or_systems,Arrange funeral services,1,1,0.5,4.85,0,0.0021413276231263384
operate_equipment_or_systems,Assess hearing function,1,1,0.5,4.21,0,0.0021413276231263384
operate_equipment_or_systems,Conduct biological research,1,1,0.5,3.77,0,0.0021413276231263384
operate_equipment_or_systems,Conduct surveying work,1,1,0.5,,0,0.0021413276231263384
operate_equipment_or_systems,Coordinate emergency response,1,1,0.5,3.39,0,0.0021413276231263384
operate_equipment_or_systems,Coordinate wellness programs,1,1,0.5,3.83,0,0.0021413276231263384
operate_equipment_or_systems,Deliver business intelligence,1,1,0.5,2.94,0,0.0021413276231263384
operate_equipment_or_systems,Deliver college instruction,1,1,0.5,4.09,1,0.0021413276231263384
operate_equipment_or_systems,Deliver creative therapy,1,1,0.5,4.32,0,0.0021413276231263384
operate_equipment_or_systems,Design biomedical systems,1,1,0.5,3.4,1,0.0021413276231263384
operate_equipment_or_systems,Design computer systems,1,1,0.5,3.9,0,0.0021413276231263384
operate_equipment_or_systems,Design micro systems,1,1,0.5,3.71,0,0.0021413276231263384
operate_equipment_or_systems,Diagnose skin conditions,1,1,0.5,4.32,1,0.0021413276231263384
operate_equipment_or_systems,Dispense medications,1,1,0.5,4.51,0,0.0021413276231263384
operate_equipment_or_systems,Establish property boundaries,1,1,0.5,3.53,0,0.0021413276231263384
operate_equipment_or_systems,Improve energy efficiency,1,1,0.5,3.29,0,0.0021413276231263384
operate_equipment_or_systems,Improve production methods,1,1,0.5,,0,0.0021413276231263384
operate_equipment_or_systems,Lead visitor programs,1,1,0.5,4.25,0,0.0021413276231263384
operate_equipment_or_systems,Manage administrative operations,1,1,0.5,,0,0.0021413276231263384
operate_equipment_or_systems,Manage anesthesia care,1,1,0.5,4.7,0,0.0021413276231263384
operate_equipment_or_systems,Manage financial operations,1,1,0.5,4.48,0,0.0021413276231263384
operate_equipment_or_systems,Manage public relations,1,1,0.5,,0,0.0021413276231263384
operate_equipment_or_systems,Optimize chemical processes,1,1,0.5,3.71,0,0.0021413276231263384
operate_equipment_or_systems,Optimize manufacturing processes,1,1,0.5,3.62,0,0.0021413276231263384
operate_equipment_or_systems,Optimize search visibility,1,1,0.5,3.73,0,0.0021413276231263384
operate_equipment_or_systems,Oversee engineering projects,1,1,0.5,3.75,0,0.0021413276231263384
operate_equipment_or_systems,Perform dance routines,1,1,0.5,4.5,1,0.0021413276231263384
operate_equipment_or_systems,Perform eye diagnostics,1,1,0.5,4.91,0,0.0021413276231263384
operate_equipment_or_systems,Plan transportation systems,1,1,0.5,3.84,1,0.0021413276231263384
operate_equipment_or_systems,Protect information systems,1,1,0.5,4.18,0,0.0021413276231263384
operate_equipment_or_systems,Provide animal care,1,1,0.5,4.67,0,0.0021413276231263384
operate_equipment_or_systems,Provide nursing care,1,1,0.5,4.63,0,0.0021413276231263384
operate_equipment_or_systems,Provide nutrition counseling,1,1,0.5,4.54,0,0.0021413276231263384
operate_equipment_or_systems,Raise charitable funds,1,1,0.5,2.98,0,0.0021413276231263384
operate_equipment_or_systems,Track disease outbreaks,1,1,0.5,3.8,0,0.0021413276231263384
operate_equipment_or_systems,Track logistics flow,1,1,0.5,3.27,0,0.0021413276231263384
operate_equipment_or_systems,Translate and interpret,1,1,0.5,3.93,0,0.0021413276231263384
other,Fabricate precision parts,10,4,5.0,3.401,0,0.045662100456621
other,Inspect and investigate,10,3,5.0,4.415,0,0.045662100456621
other,Provide hair services,9,2,4.5,4.2811111111111115,0,0.0410958904109589
other,Create crafted designs,8,2,4.0,4.07,0,0.0365296803652968
other,Deliver classroom instruction,8,5,4.0,3.7283333333333335,0,0.0365296803652968
other,Perform dance routines,8,1,4.0,4.24125,0,0.0365296803652968
other,Support classroom learning,8,2,4.0,3.44875,0,0.0365296803652968
other,Investigate fraud,7,3,3.5,4.164285714285714,0,0.0319634703196347
other,Lead visitor programs,7,2,3.5,3.9014285714285712,0,0.0319634703196347
other,Dispense medications,6,1,3.0,4.281666666666667,0,0.0273972602739726
other,Analyze laboratory samples,5,1,2.5,4.82,0,0.0228310502283105
other,Develop web applications,5,3,2.5,4.0825,0,0.0228310502283105
other,Teach and develop courses,5,3,2.5,3.308,1,0.0228310502283105
other,Adjudicate disputes,4,2,2.0,3.8425000000000002,0,0.0182648401826484
other,Advance academic research,4,4,2.0,3.9575000000000005,1,0.0182648401826484
other,Coordinate food preparation,4,2,2.0,4.3,0,0.0182648401826484
other,Install electrical wiring,3,1,1.5,3.9933333333333336,3,0.0136986301369863
other,Install mechanical systems,3,1,1.5,4.163333333333333,0,0.0136986301369863
other,Lead religious services,3,1,1.5,4.416666666666667,0,0.0136986301369863
other,Maintain equipment,3,1,1.5,3.3699999999999997,0,0.0136986301369863
other,Manage aquatic operations,3,2,1.5,3.9266666666666663,0,0.0136986301369863
other,Manage security operations,3,1,1.5,3.5566666666666666,0,0.0136986301369863
other,Manage workplace safety,3,2,1.5,4.033333333333333,0,0.0136986301369863
other,Process customs clearance,3,2,1.5,4.42,0,0.0136986301369863
other,Provide dental care,3,2,1.5,4.463333333333334,0,0.0136986301369863
other,Treat physical disability,3,2,1.5,4.193333333333333,2,0.0136986301369863
other,Administer compensation benefits,2,1,1.0,4.445,0,0.0091324200913242
other,Advise students,2,2,1.0,3.64,1,0.0091324200913242
other,Analyze statistical data,2,2,1.0,3.5,1,0.0091324200913242
other,Arrange funeral services,2,1,1.0,4.29,0,0.0091324200913242
other,Assess cardiovascular function,2,1,1.0,4.195,0,0.0091324200913242
other,Conduct surveying work,2,1,1.0,3.42,0,0.0091324200913242
other,Coordinate production supply,2,2,1.0,3.43,0,0.0091324200913242
other,Curate historical records,2,2,1.0,3.9,0,0.0091324200913242
other,Develop photonic systems,2,1,1.0,3.855,0,0.0091324200913242
other,Diagnose skin conditions,2,2,1.0,4.325,1,0.0091324200913242
other,Manage administrative operations,2,2,1.0,3.6,0,0.0091324200913242
other,Manage funds,2,2,1.0,4.095000000000001,0,0.0091324200913242
other,Manage performer careers,2,2,1.0,4.61,0,0.0091324200913242
other,Manage regulatory submissions,2,2,1.0,3.26,0,0.0091324200913242
other,Monitor compliance,2,2,1.0,3.74,0,0.0091324200913242
other,Operate nuclear systems,2,2,1.0,3.915,0,0.0091324200913242
other,Oversee engineering projects,2,2,1.0,3.615,1,0.0091324200913242
other,Process financial records,2,2,1.0,4.17,1,0.0091324200913242
other,Provide manual treatment,2,2,1.0,3.9400000000000004,1,0.0091324200913242
other,Repair mechanical equipment,2,2,1.0,4.015000000000001,2,0.0091324200913242
other,Support crop production,2,1,1.0,4.07,0,0.0091324200913242
other,Administer databases,1,1,0.5,3.76,0,0.0045662100456621
other,Advance genetics research,1,1,0.5,3.35,0,0.0045662100456621
other,Analyze investment risk,1,1,0.5,,0,0.0045662100456621
other,Appraise property value,1,1,0.5,4.57,0,0.0045662100456621
other,Assess hearing function,1,1,0.5,3.98,0,0.0045662100456621
other,Assist patient care,1,1,0.5,4.13,0,0.0045662100456621
other,Broker real estate deals,1,1,0.5,4.55,1,0.0045662100456621
other,Build robotic systems,1,1,0.5,3.73,1,0.0045662100456621
other,Conduct survey research,1,1,0.5,3.5,1,0.0045662100456621
other,Coordinate curriculum improvement,1,1,0.5,,0,0.0045662100456621
other,Create visual media,1,1,0.5,2.72,0,0.0045662100456621
other,Design micro systems,1,1,0.5,3.44,0,0.0045662100456621
other,Develop training programs,1,1,0.5,3.73,0,0.0045662100456621
other,Diagnose mental health,1,1,0.5,4.2,0,0.0045662100456621
other,Direct media production,1,1,0.5,3.82,0,0.0045662100456621
other,Edit written content,1,1,0.5,3.63,0,0.0045662100456621
other,Enforce public safety,1,1,0.5,3.41,0,0.0045662100456621
other,Engage community outreach,1,1,0.5,3.41,1,0.0045662100456621
other,Establish property boundaries,1,1,0.5,4.52,0,0.0045662100456621
other,Evaluate insurance claims,1,1,0.5,3.85,0,0.0045662100456621
other,Improve energy efficiency,1,1,0.5,3.26,1,0.0045662100456621
other,Improve production methods,1,1,0.5,,0,0.0045662100456621
other,Install telecom equipment,1,1,0.5,4.1,0,0.0045662100456621
other,Manage IT operations,1,1,0.5,3.88,0,0.0045662100456621
other,Manage lodging operations,1,1,0.5,3.9,0,0.0045662100456621
other,Operate flight systems,1,1,0.5,4.71,0,0.0045662100456621
other,Optimize chemical processes,1,1,0.5,3.68,1,0.0045662100456621
other,Optimize manufacturing processes,1,1,0.5,3.83,0,0.0045662100456621
other,Organize recreation activities,1,1,0.5,3.74,0,0.0045662100456621
other,Plan marketing campaigns,1,1,0.5,4.05,0,0.0045662100456621
other,Plan transportation systems,1,1,0.5,4.16,1,0.0045662100456621
other,Provide academic tutoring,1,1,0.5,3.91,0,0.0045662100456621
other,Provide maternity care,1,1,0.5,3.31,0,0.0045662100456621
other,Sell technical products,1,1,0.5,3.6,1,0.0045662100456621
other,Supervise field crews,1,1,0.5,4.01,0,0.0045662100456621
other,Support rehabilitation therapy,1,1,0.5,4.79,0,0.0045662100456621
other,Test automotive systems,1,1,0.5,4.1,0,0.0045662100456621
other,Track disease outbreaks,1,1,0.5,4.67,0,0.0045662100456621
other,Translate and interpret,1,1,0.5,4.86,0,0.0045662100456621
plan_and_coordinate_programs,Deliver classroom instruction,41,14,20.5,3.701578947368421,0,0.06996587030716724
plan_and_coordinate_programs,Supervise field crews,28,9,14.0,3.865769230769231,0,0.04778156996587031
plan_and_coordinate_programs,Arrange funeral services,16,4,8.0,4.215625,0,0.027303754266211604
plan_and_coordinate_programs,Operate flight systems,15,4,7.5,4.164,0,0.025597269624573378
plan_and_coordinate_programs,Plan marketing campaigns,13,5,6.5,3.8041666666666667,2,0.02218430034129693
plan_and_coordinate_programs,Manage administrative operations,12,4,6.0,3.9520000000000004,3,0.020477815699658702
plan_and_coordinate_programs,Manage lodging operations,12,3,6.0,4.193333333333333,0,0.020477815699658702
plan_and_coordinate_programs,Manage projects,11,2,5.5,3.972,0,0.01877133105802048
plan_and_coordinate_programs,Provide emergency medicine,11,9,5.5,3.935714285714286,0,0.01877133105802048
plan_and_coordinate_programs,Coordinate wellness programs,9,3,4.5,3.6455555555555557,0,0.015358361774744027
plan_and_coordinate_programs,Raise charitable funds,9,3,4.5,3.637777777777778,1,0.015358361774744027
plan_and_coordinate_programs,Administer compensation benefits,8,4,4.0,3.3425,0,0.013651877133105802
plan_and_coordinate_programs,Administer education programs,8,2,4.0,3.79,0,0.013651877133105802
plan_and_coordinate_programs,Apply legal analysis,8,4,4.0,3.86,0,0.013651877133105802
plan_and_coordinate_programs,Direct media production,8,4,4.0,3.48875,1,0.013651877133105802
plan_and_coordinate_programs,Lead religious services,8,2,4.0,3.7775,0,0.013651877133105802
plan_and_coordinate_programs,Manage construction projects,7,3,3.5,3.8742857142857146,0,0.011945392491467578
plan_and_coordinate_programs,Manage forest resources,7,2,3.5,3.4899999999999998,0,0.011945392491467578
plan_and_coordinate_programs,Advise students,6,3,3.0,3.4583333333333335,1,0.010238907849829351
plan_and_coordinate_programs,Coordinate logistics services,6,1,3.0,3.7449999999999997,0,0.010238907849829351
plan_and_coordinate_programs,Deliver radiation treatment,6,5,3.0,4.1625,0,0.010238907849829351
plan_and_coordinate_programs,Develop training programs,6,3,3.0,3.4466666666666668,2,0.010238907849829351
plan_and_coordinate_programs,Inspect and investigate,6,3,3.0,4.220000000000001,0,0.010238907849829351
plan_and_coordinate_programs,Manage IT operations,6,2,3.0,3.7916666666666665,0,0.010238907849829351
plan_and_coordinate_programs,Manage agricultural production,6,3,3.0,3.8249999999999997,2,0.010238907849829351
plan_and_coordinate_programs,Manage performer careers,6,3,3.0,3.6650000000000005,0,0.010238907849829351
plan_and_coordinate_programs,Manage public relations,6,2,3.0,3.7975,0,0.010238907849829351
plan_and_coordinate_programs,Organize recreation activities,6,3,3.0,4.16,0,0.010238907849829351
plan_and_coordinate_programs,Plan extraction operations,6,2,3.0,3.776666666666667,0,0.010238907849829351
plan_and_coordinate_programs,Support network systems,6,2,3.0,3.6566666666666667,0,0.010238907849829351
plan_and_coordinate_programs,Administer databases,5,3,2.5,3.7275,0,0.008532423208191127
plan_and_coordinate_programs,Assess learner progress,5,1,2.5,3.1879999999999997,0,0.008532423208191127
plan_and_coordinate_programs,Capture and edit images,5,1,2.5,3.592,5,0.008532423208191127
plan_and_coordinate_programs,Coordinate creative production,5,4,2.5,4.184,2,0.008532423208191127
plan_and_coordinate_programs,Coordinate social services,5,2,2.5,3.9619999999999997,0,0.008532423208191127
plan_and_coordinate_programs,Curate historical records,5,3,2.5,3.626,0,0.008532423208191127
plan_and_coordinate_programs,Design solar systems,5,3,2.5,4.114,0,0.008532423208191127
plan_and_coordinate_programs,Direct organizational strategy,5,2,2.5,4.0625,0,0.008532423208191127
plan_and_coordinate_programs,Edit written content,5,4,2.5,3.9699999999999998,2,0.008532423208191127
plan_and_coordinate_programs,Improve production methods,5,2,2.5,3.35,0,0.008532423208191127
plan_and_coordinate_programs,Manage regulatory submissions,5,2,2.5,4.0200000000000005,0,0.008532423208191127
plan_and_coordinate_programs,Manage security operations,5,2,2.5,4.1240000000000006,0,0.008532423208191127
plan_and_coordinate_programs,Plan remediation projects,5,2,2.5,4.1579999999999995,0,0.008532423208191127
plan_and_coordinate_programs,Provide behavioral counseling,5,3,2.5,3.966,2,0.008532423208191127
plan_and_coordinate_programs,Serve academic governance,5,1,2.5,3.376,5,0.008532423208191127
plan_and_coordinate_programs,Analyze statistical data,4,2,2.0,4.1075,2,0.006825938566552901
plan_and_coordinate_programs,Broker real estate deals,4,2,2.0,4.52,1,0.006825938566552901
plan_and_coordinate_programs,Coordinate food preparation,4,2,2.0,3.9,0,0.006825938566552901
plan_and_coordinate_programs,Create crafted designs,4,3,2.0,3.6625,0,0.006825938566552901
plan_and_coordinate_programs,Draft engineering plans,4,2,2.0,3.7075,0,0.006825938566552901
plan_and_coordinate_programs,Install electrical wiring,4,3,2.0,3.9375,1,0.006825938566552901
plan_and_coordinate_programs,Operate wind facilities,4,2,2.0,3.875,0,0.006825938566552901
plan_and_coordinate_programs,Optimize search visibility,4,1,2.0,3.2275,0,0.006825938566552901
plan_and_coordinate_programs,Plan transportation systems,4,4,2.0,3.29,2,0.006825938566552901
plan_and_coordinate_programs,Track disease outbreaks,4,2,2.0,4.2,0,0.006825938566552901
plan_and_coordinate_programs,Adjudicate disputes,3,2,1.5,3.9599999999999995,0,0.005119453924914676
plan_and_coordinate_programs,Conduct survey research,3,2,1.5,4.34,0,0.005119453924914676
plan_and_coordinate_programs,Control product quality,3,3,1.5,3.4233333333333333,0,0.005119453924914676
plan_and_coordinate_programs,Coordinate emergency response,3,2,1.5,4.2700000000000005,0,0.005119453924914676
plan_and_coordinate_programs,Coordinate production supply,3,2,1.5,3.8733333333333335,0,0.005119453924914676
plan_and_coordinate_programs,Design computer systems,3,1,1.5,3.8800000000000003,0,0.005119453924914676
plan_and_coordinate_programs,Design electrical systems,3,2,1.5,3.7399999999999998,0,0.005119453924914676
plan_and_coordinate_programs,Develop web applications,3,2,1.5,3.72,0,0.005119453924914676
plan_and_coordinate_programs,Engineer aerospace systems,3,3,1.5,3.733333333333333,0,0.005119453924914676
plan_and_coordinate_programs,Improve soil systems,3,1,1.5,4.11,0,0.005119453924914676
plan_and_coordinate_programs,Investigate fraud,3,1,1.5,4.28,0,0.005119453924914676
plan_and_coordinate_programs,Manage distribution operations,3,1,1.5,3.84,0,0.005119453924914676
plan_and_coordinate_programs,Manage funds,3,3,1.5,4.1000000000000005,1,0.005119453924914676
plan_and_coordinate_programs,Oversee engineering projects,3,2,1.5,3.86,2,0.005119453924914676
plan_and_coordinate_programs,Process customs clearance,3,2,1.5,3.9233333333333333,1,0.005119453924914676
plan_and_coordinate_programs,Process financial records,3,3,1.5,3.4433333333333334,1,0.005119453924914676
plan_and_coordinate_programs,Procure farm products,3,2,1.5,3.8700000000000006,0,0.005119453924914676
plan_and_coordinate_programs,Produce media content,3,2,1.5,3.56,0,0.005119453924914676
plan_and_coordinate_programs,Provide nursing care,3,2,1.5,3.9599999999999995,0,0.005119453924914676
plan_and_coordinate_programs,Provide nutrition counseling,3,2,1.5,3.44,0,0.005119453924914676
plan_and_coordinate_programs,Run geothermal plants,3,2,1.5,3.9233333333333333,0,0.005119453924914676
plan_and_coordinate_programs,Teach and develop courses,3,3,1.5,3.5,1,0.005119453924914676
plan_and_coordinate_programs,Analyze laboratory samples,2,1,1.0,3.885,2,0.0034129692832764505
plan_and_coordinate_programs,Analyze organizational problems,2,2,1.0,3.925,0,0.0034129692832764505
plan_and_coordinate_programs,Analyze remote sensing data,2,2,1.0,3.71,0,0.0034129692832764505
plan_and_coordinate_programs,Assess neurological function,2,2,1.0,3.64,0,0.0034129692832764505
plan_and_coordinate_programs,Assist patient care,2,1,1.0,4.109999999999999,0,0.0034129692832764505
plan_and_coordinate_programs,Build robotic systems,2,1,1.0,3.62,2,0.0034129692832764505
plan_and_coordinate_programs,Conduct biological research,2,1,1.0,3.71,0,0.0034129692832764505
plan_and_coordinate_programs,Conduct scientific research,2,1,1.0,3.4699999999999998,0,0.0034129692832764505
plan_and_coordinate_programs,Coordinate study protocols,2,1,1.0,4.16,0,0.0034129692832764505
plan_and_coordinate_programs,Deliver creative therapy,2,1,1.0,2.435,0,0.0034129692832764505
plan_and_coordinate_programs,Design marine systems,2,2,1.0,3.69,0,0.0034129692832764505
plan_and_coordinate_programs,Design micro systems,2,1,1.0,3.41,0,0.0034129692832764505
plan_and_coordinate_programs,Develop product designs,2,1,1.0,4.255,0,0.0034129692832764505
plan_and_coordinate_programs,Diagnose psychiatric conditions,2,2,1.0,3.87,0,0.0034129692832764505
plan_and_coordinate_programs,Engage community outreach,2,2,1.0,3.865,1,0.0034129692832764505
plan_and_coordinate_programs,Improve animal production,2,2,1.0,3.24,0,0.0034129692832764505
plan_and_coordinate_programs,Improve energy efficiency,2,1,1.0,3.6500000000000004,0,0.0034129692832764505
plan_and_coordinate_programs,Lead visitor programs,2,1,1.0,3.95,0,0.0034129692832764505
plan_and_coordinate_programs,Manage biofuel operations,2,2,1.0,3.7,0,0.0034129692832764505
plan_and_coordinate_programs,Manage library services,2,2,1.0,3.7,0,0.0034129692832764505
plan_and_coordinate_programs,Manage workplace safety,2,2,1.0,3.6100000000000003,0,0.0034129692832764505
plan_and_coordinate_programs,Monitor compliance,2,2,1.0,3.955,0,0.0034129692832764505
plan_and_coordinate_programs,Optimize manufacturing processes,2,1,1.0,3.1399999999999997,0,0.0034129692832764505
plan_and_coordinate_programs,Protect information systems,2,2,1.0,3.85,0,0.0034129692832764505
plan_and_coordinate_programs,Provide animal care,2,2,1.0,4.255,0,0.0034129692832764505
plan_and_coordinate_programs,Provide dental care,2,2,1.0,4.115,0,0.0034129692832764505
plan_and_coordinate_programs,Support crop production,2,2,1.0,3.63,1,0.0034129692832764505
plan_and_coordinate_programs,Test software quality,2,1,1.0,3.67,0,0.0034129692832764505
plan_and_coordinate_programs,Treat physical disability,2,2,1.0,4.265,0,0.0034129692832764505
plan_and_coordinate_programs,Advance academic research,1,1,0.5,4.25,1,0.0017064846416382253
plan_and_coordinate_programs,Advance genetics research,1,1,0.5,2.5,0,0.0017064846416382253
plan_and_coordinate_programs,Analyze bioinformatics data,1,1,0.5,3.01,0,0.0017064846416382253
plan_and_coordinate_programs,Analyze economic trends,1,1,0.5,3.16,0,0.0017064846416382253
plan_and_coordinate_programs,Analyze investment risk,1,1,0.5,,0,0.0017064846416382253
plan_and_coordinate_programs,Assess cardiovascular function,1,1,0.5,,1,0.0017064846416382253
plan_and_coordinate_programs,Assess hearing function,1,1,0.5,3.73,0,0.0017064846416382253
plan_and_coordinate_programs,Assess industrial impacts,1,1,0.5,3.24,0,0.0017064846416382253
plan_and_coordinate_programs,Coordinate curriculum improvement,1,1,0.5,3.0,0,0.0017064846416382253
plan_and_coordinate_programs,Create visual media,1,1,0.5,4.28,0,0.0017064846416382253
plan_and_coordinate_programs,Deliver business intelligence,1,1,0.5,3.85,1,0.0017064846416382253
plan_and_coordinate_programs,Design biomedical systems,1,1,0.5,3.35,0,0.0017064846416382253
plan_and_coordinate_programs,Determine benefit eligibility,1,1,0.5,4.03,0,0.0017064846416382253
plan_and_coordinate_programs,Develop building designs,1,1,0.5,3.95,0,0.0017064846416382253
plan_and_coordinate_programs,Develop photonic systems,1,1,0.5,3.86,0,0.0017064846416382253
plan_and_coordinate_programs,Diagnose mental health,1,1,0.5,3.45,0,0.0017064846416382253
plan_and_coordinate_programs,Diagnose skin conditions,1,1,0.5,4.31,1,0.0017064846416382253
plan_and_coordinate_programs,Enforce public safety,1,1,0.5,4.09,0,0.0017064846416382253
plan_and_coordinate_programs,Establish property boundaries,1,1,0.5,4.05,0,0.0017064846416382253
plan_and_coordinate_programs,Evaluate insurance claims,1,1,0.5,3.83,0,0.0017064846416382253
plan_and_coordinate_programs,Fabricate precision parts,1,1,0.5,4.19,0,0.0017064846416382253
plan_and_coordinate_programs,Install mechanical systems,1,1,0.5,3.73,0,0.0017064846416382253
plan_and_coordinate_programs,Install piping systems,1,1,0.5,3.71,0,0.0017064846416382253
plan_and_coordinate_programs,Maintain equipment,1,1,0.5,4.41,0,0.0017064846416382253
plan_and_coordinate_programs,Manage anesthesia care,1,1,0.5,4.64,0,0.0017064846416382253
plan_and_coordinate_programs,Manage financial operations,1,1,0.5,4.13,0,0.0017064846416382253
plan_and_coordinate_programs,Manage sustainability initiatives,1,1,0.5,4.39,0,0.0017064846416382253
plan_and_coordinate_programs,Operate nuclear systems,1,1,0.5,4.25,0,0.0017064846416382253
plan_and_coordinate_programs,Process online orders,1,1,0.5,3.36,0,0.0017064846416382253
plan_and_coordinate_programs,Produce news content,1,1,0.5,3.67,0,0.0017064846416382253
plan_and_coordinate_programs,Provide academic tutoring,1,1,0.5,3.95,0,0.0017064846416382253
plan_and_coordinate_programs,Provide manual treatment,1,1,0.5,4.67,1,0.0017064846416382253
plan_and_coordinate_programs,Repair electromechanical systems,1,1,0.5,3.61,0,0.0017064846416382253
plan_and_coordinate_programs,Repair mechanical equipment,1,1,0.5,3.96,1,0.0017064846416382253
plan_and_coordinate_programs,Sell technical products,1,1,0.5,3.7,0,0.0017064846416382253
plan_and_coordinate_programs,Study water resources,1,1,0.5,3.97,0,0.0017064846416382253
plan_and_coordinate_programs,Supervise residential safety,1,1,0.5,4.0,0,0.0017064846416382253
plan_and_coordinate_programs,Support classroom learning,1,1,0.5,3.85,0,0.0017064846416382253
plan_and_coordinate_programs,Support rehabilitation therapy,1,1,0.5,4.59,0,0.0017064846416382253
plan_and_coordinate_programs,Test automotive systems,1,1,0.5,3.56,0,0.0017064846416382253
plan_and_coordinate_programs,Test material performance,1,1,0.5,3.8,0,0.0017064846416382253
plan_and_coordinate_programs,Track logistics flow,1,1,0.5,4.36,0,0.0017064846416382253
plan_and_coordinate_programs,Trade securities,1,1,0.5,4.3,0,0.0017064846416382253
plan_and_coordinate_programs,Translate and interpret,1,1,0.5,3.68,0,0.0017064846416382253
prepare_official_documents,Write grant proposals,34,34,17.0,3.3076470588235294,0,0.10240963855421686
prepare_official_documents,Deliver classroom instruction,20,11,10.0,4.1684210526315795,0,0.060240963855421686
prepare_official_documents,Teach and develop courses,17,15,8.5,4.266470588235294,3,0.05120481927710843
prepare_official_documents,Edit written content,9,5,4.5,3.9616666666666673,3,0.02710843373493976
prepare_official_documents,Administer compensation benefits,8,4,4.0,3.7337499999999997,0,0.024096385542168676
prepare_official_documents,Apply legal analysis,7,5,3.5,4.148571428571429,0,0.02108433734939759
prepare_official_documents,Monitor compliance,6,3,3.0,4.201666666666667,0,0.018072289156626505
prepare_official_documents,Adjudicate disputes,5,3,2.5,3.806,0,0.015060240963855422
prepare_official_documents,Advance nanoscale research,5,2,2.5,3.4200000000000004,0,0.015060240963855422
prepare_official_documents,Arrange funeral services,5,3,2.5,4.702,0,0.015060240963855422
prepare_official_documents,Direct organizational strategy,5,2,2.5,3.975,0,0.015060240963855422
prepare_official_documents,Manage funds,5,3,2.5,4.26,1,0.015060240963855422
prepare_official_documents,Manage regulatory submissions,5,2,2.5,4.382,0,0.015060240963855422
prepare_official_documents,Plan transportation systems,5,3,2.5,3.992,2,0.015060240963855422
prepare_official_documents,Control product quality,4,3,2.0,3.85,0,0.012048192771084338
prepare_official_documents,Diagnose skin conditions,4,2,2.0,4.7475000000000005,4,0.012048192771084338
prepare_official_documents,Investigate fraud,4,2,2.0,4.2700000000000005,0,0.012048192771084338
prepare_official_documents,Manage financial operations,4,3,2.0,4.03,0,0.012048192771084338
prepare_official_documents,Oversee engineering projects,4,3,2.0,3.44,3,0.012048192771084338
prepare_official_documents,Process customs clearance,4,2,2.0,3.92,1,0.012048192771084338
prepare_official_documents,Process financial records,4,4,2.0,4.116666666666667,1,0.012048192771084338
prepare_official_documents,Provide emergency medicine,4,4,2.0,3.1633333333333336,0,0.012048192771084338
prepare_official_documents,Raise charitable funds,4,2,2.0,4.1675,0,0.012048192771084338
prepare_official_documents,Track disease outbreaks,4,4,2.0,4.0075,2,0.012048192771084338
prepare_official_documents,Analyze investment risk,3,3,1.5,2.83,0,0.009036144578313253
prepare_official_documents,Analyze laboratory samples,3,3,1.5,4.396666666666667,1,0.009036144578313253
prepare_official_documents,Conduct survey research,3,2,1.5,4.1866666666666665,0,0.009036144578313253
prepare_official_documents,Coordinate curriculum improvement,3,1,1.5,3.715,0,0.009036144578313253
prepare_official_documents,Deliver radiation treatment,3,2,1.5,4.75,0,0.009036144578313253
prepare_official_documents,Design biomedical systems,3,2,1.5,3.77,1,0.009036144578313253
prepare_official_documents,Develop web applications,3,2,1.5,3.8833333333333333,0,0.009036144578313253
prepare_official_documents,Diagnose psychiatric conditions,3,2,1.5,4.793333333333334,0,0.009036144578313253
prepare_official_documents,Evaluate student work,3,3,1.5,3.8466666666666662,0,0.009036144578313253
prepare_official_documents,Lead visitor programs,3,1,1.5,4.083333333333333,0,0.009036144578313253
prepare_official_documents,Manage construction projects,3,3,1.5,3.8699999999999997,0,0.009036144578313253
prepare_official_documents,Manage sustainability initiatives,3,2,1.5,3.52,0,0.009036144578313253
prepare_official_documents,Manage workplace safety,3,2,1.5,3.5066666666666664,2,0.009036144578313253
prepare_official_documents,Operate wind facilities,3,2,1.5,3.543333333333333,0,0.009036144578313253
prepare_official_documents,Sell technical products,3,3,1.5,4.18,1,0.009036144578313253
prepare_official_documents,Administer education programs,2,2,1.0,3.705,0,0.006024096385542169
prepare_official_documents,Advance academic research,2,2,1.0,2.87,2,0.006024096385542169
prepare_official_documents,Advance genetics research,2,2,1.0,3.71,0,0.006024096385542169
prepare_official_documents,Analyze economic trends,2,2,1.0,3.465,1,0.006024096385542169
prepare_official_documents,Assist patient care,2,2,1.0,3.745,1,0.006024096385542169
prepare_official_documents,Broker real estate deals,2,2,1.0,4.59,1,0.006024096385542169
prepare_official_documents,Coordinate creative production,2,2,1.0,4.300000000000001,0,0.006024096385542169
prepare_official_documents,Coordinate logistics services,2,2,1.0,3.9,0,0.006024096385542169
prepare_official_documents,Coordinate social services,2,2,1.0,3.92,1,0.006024096385542169
prepare_official_documents,Craft precious items,2,1,1.0,3.62,0,0.006024096385542169
prepare_official_documents,Create technical drawings,2,1,1.0,3.325,0,0.006024096385542169
prepare_official_documents,Curate historical records,2,2,1.0,3.715,0,0.006024096385542169
prepare_official_documents,Deliver business intelligence,2,1,1.0,3.545,0,0.006024096385542169
prepare_official_documents,Design micro systems,2,1,1.0,3.745,0,0.006024096385542169
prepare_official_documents,Determine benefit eligibility,2,2,1.0,4.145,0,0.006024096385542169
prepare_official_documents,Develop building designs,2,1,1.0,4.02,0,0.006024096385542169
prepare_official_documents,Diagnose vision conditions,2,2,1.0,4.715,0,0.006024096385542169
prepare_official_documents,Direct media production,2,2,1.0,4.0,0,0.006024096385542169
prepare_official_documents,Draft engineering plans,2,2,1.0,3.195,1,0.006024096385542169
prepare_official_documents,Engineer aerospace systems,2,1,1.0,3.255,0,0.006024096385542169
prepare_official_documents,Improve energy efficiency,2,2,1.0,4.279999999999999,1,0.006024096385542169
prepare_official_documents,Install electrical wiring,2,2,1.0,3.925,1,0.006024096385542169
prepare_official_documents,Investigate digital evidence,2,2,1.0,3.44,0,0.006024096385542169
prepare_official_documents,Manage agricultural production,2,1,1.0,3.95,0,0.006024096385542169
prepare_official_documents,Manage health information,2,1,1.0,4.7,0,0.006024096385542169
prepare_official_documents,Manage library services,2,2,1.0,3.99,1,0.006024096385542169
prepare_official_documents,Manage lodging operations,2,2,1.0,3.5199999999999996,0,0.006024096385542169
prepare_official_documents,Operate flight systems,2,2,1.0,4.02,0,0.006024096385542169
prepare_official_documents,Organize document systems,2,2,1.0,3.7199999999999998,0,0.006024096385542169
prepare_official_documents,Plan remediation projects,2,2,1.0,3.6050000000000004,0,0.006024096385542169
prepare_official_documents,Process online orders,2,1,1.0,3.4000000000000004,0,0.006024096385542169
prepare_official_documents,Protect information systems,2,2,1.0,3.94,0,0.006024096385542169
prepare_official_documents,Provide maternity care,2,2,1.0,4.465,0,0.006024096385542169
prepare_official_documents,Run geothermal plants,2,1,1.0,4.105,0,0.006024096385542169
prepare_official_documents,Support classroom learning,2,2,1.0,3.96,1,0.006024096385542169
prepare_official_documents,Support crop production,2,1,1.0,3.5149999999999997,0,0.006024096385542169
prepare_official_documents,Advise students,1,1,0.5,3.44,1,0.0030120481927710845
prepare_official_documents,Analyze organizational problems,1,1,0.5,3.21,0,0.0030120481927710845
prepare_official_documents,Analyze statistical data,1,1,0.5,3.78,0,0.0030120481927710845
prepare_official_documents,Assess credit risk,1,1,0.5,4.48,0,0.0030120481927710845
prepare_official_documents,Assess learner progress,1,1,0.5,4.19,0,0.0030120481927710845
prepare_official_documents,Assess neurological function,1,1,0.5,3.12,0,0.0030120481927710845
prepare_official_documents,Capture and edit images,1,1,0.5,2.56,0,0.0030120481927710845
prepare_official_documents,Conduct biological research,1,1,0.5,3.61,0,0.0030120481927710845
prepare_official_documents,Coordinate production supply,1,1,0.5,4.22,0,0.0030120481927710845
prepare_official_documents,Coordinate study protocols,1,1,0.5,4.41,0,0.0030120481927710845
prepare_official_documents,Create crafted designs,1,1,0.5,3.81,0,0.0030120481927710845
prepare_official_documents,Design computer systems,1,1,0.5,4.0,0,0.0030120481927710845
prepare_official_documents,Design electrical systems,1,1,0.5,3.6,0,0.0030120481927710845
prepare_official_documents,Design marine systems,1,1,0.5,3.39,0,0.0030120481927710845
prepare_official_documents,Design solar systems,1,1,0.5,4.77,0,0.0030120481927710845
prepare_official_documents,Dispense medications,1,1,0.5,3.84,0,0.0030120481927710845
prepare_official_documents,Enforce public safety,1,1,0.5,3.6,0,0.0030120481927710845
prepare_official_documents,Establish property boundaries,1,1,0.5,4.63,0,0.0030120481927710845
prepare_official_documents,Evaluate insurance claims,1,1,0.5,4.67,0,0.0030120481927710845
prepare_official_documents,Evaluate loan applications,1,1,0.5,,0,0.0030120481927710845
prepare_official_documents,Lead specialty nursing,1,1,0.5,3.25,0,0.0030120481927710845
prepare_official_documents,Manage aquatic operations,1,1,0.5,4.49,0,0.0030120481927710845
prepare_official_documents,Manage public relations,1,1,0.5,,0,0.0030120481927710845
prepare_official_documents,Manage security operations,1,1,0.5,3.8,0,0.0030120481927710845
prepare_official_documents,Operate nuclear systems,1,1,0.5,4.62,0,0.0030120481927710845
prepare_official_documents,Optimize chemical processes,1,1,0.5,3.91,0,0.0030120481927710845
prepare_official_documents,Optimize manufacturing processes,1,1,0.5,3.83,0,0.0030120481927710845
prepare_official_documents,Plan marketing campaigns,1,1,0.5,4.15,0,0.0030120481927710845
prepare_official_documents,Produce news content,1,1,0.5,4.3,0,0.0030120481927710845
prepare_official_documents,Provide academic tutoring,1,1,0.5,3.89,0,0.0030120481927710845
prepare_official_documents,Provide animal care,1,1,0.5,4.38,0,0.0030120481927710845
prepare_official_documents,Provide dental care,1,1,0.5,4.52,0,0.0030120481927710845
prepare_official_documents,Provide manual treatment,1,1,0.5,3.47,0,0.0030120481927710845
prepare_official_documents,Provide nutrition counseling,1,1,0.5,2.56,0,0.0030120481927710845
prepare_official_documents,Repair electromechanical systems,1,1,0.5,3.45,0,0.0030120481927710845
prepare_official_documents,Supervise field crews,1,1,0.5,3.27,0,0.0030120481927710845
prepare_official_documents,Teach postsecondary courses,1,1,0.5,4.15,0,0.0030120481927710845
prepare_official_documents,Trade securities,1,1,0.5,,0,0.0030120481927710845
prepare_official_documents,Treat physical disability,1,1,0.5,3.93,0,0.0030120481927710845
process_or_verify_transactional_artifacts,Evaluate student work,14,14,7.0,4.285714285714286,1,0.07179487179487179
process_or_verify_transactional_artifacts,Process financial records,14,4,7.0,4.262142857142857,3,0.07179487179487179
process_or_verify_transactional_artifacts,Evaluate insurance claims,10,3,5.0,4.406000000000001,0,0.05128205128205128
process_or_verify_transactional_artifacts,Process customs clearance,10,2,5.0,4.029999999999999,0,0.05128205128205128
process_or_verify_transactional_artifacts,Determine benefit eligibility,8,3,4.0,4.295,0,0.041025641025641026
process_or_verify_transactional_artifacts,Manage funds,8,4,4.0,4.382857142857143,0,0.041025641025641026
process_or_verify_transactional_artifacts,Adjudicate disputes,7,4,3.5,4.267142857142857,0,0.035897435897435895
process_or_verify_transactional_artifacts,Administer compensation benefits,6,3,3.0,4.161666666666666,0,0.03076923076923077
process_or_verify_transactional_artifacts,Broker real estate deals,6,3,3.0,3.6950000000000003,1,0.03076923076923077
process_or_verify_transactional_artifacts,Manage health information,6,4,3.0,3.97,0,0.03076923076923077
process_or_verify_transactional_artifacts,Process online orders,6,1,3.0,4.328333333333333,0,0.03076923076923077
process_or_verify_transactional_artifacts,Evaluate loan applications,5,2,2.5,4.146666666666667,1,0.02564102564102564
process_or_verify_transactional_artifacts,Manage library services,5,2,2.5,3.8160000000000003,0,0.02564102564102564
process_or_verify_transactional_artifacts,Procure farm products,5,3,2.5,4.058,0,0.02564102564102564
process_or_verify_transactional_artifacts,Dispense medications,4,3,2.0,4.5725,0,0.020512820512820513
process_or_verify_transactional_artifacts,Manage construction projects,4,4,2.0,3.625,0,0.020512820512820513
process_or_verify_transactional_artifacts,Engage community outreach,3,3,1.5,3.4133333333333336,1,0.015384615384615385
process_or_verify_transactional_artifacts,Manage workplace safety,3,2,1.5,3.733333333333334,0,0.015384615384615385
process_or_verify_transactional_artifacts,Trade securities,3,1,1.5,4.23,0,0.015384615384615385
process_or_verify_transactional_artifacts,Translate and interpret,3,1,1.5,4.44,0,0.015384615384615385
process_or_verify_transactional_artifacts,Apply legal analysis,2,2,1.0,4.0,0,0.010256410256410256
process_or_verify_transactional_artifacts,Coordinate social services,2,2,1.0,3.45,1,0.010256410256410256
process_or_verify_transactional_artifacts,Coordinate study protocols,2,1,1.0,4.29,0,0.010256410256410256
process_or_verify_transactional_artifacts,Deliver classroom instruction,2,2,1.0,3.58,0,0.010256410256410256
process_or_verify_transactional_artifacts,Deliver radiation treatment,2,2,1.0,4.38,0,0.010256410256410256
process_or_verify_transactional_artifacts,Inspect and investigate,2,2,1.0,3.785,0,0.010256410256410256
process_or_verify_transactional_artifacts,Investigate fraud,2,2,1.0,3.97,1,0.010256410256410256
process_or_verify_transactional_artifacts,Manage anesthesia care,2,2,1.0,4.495,0,0.010256410256410256
process_or_verify_transactional_artifacts,Manage financial operations,2,1,1.0,4.035,0,0.010256410256410256
process_or_verify_transactional_artifacts,Manage lodging operations,2,2,1.0,4.35,0,0.010256410256410256
process_or_verify_transactional_artifacts,Monitor compliance,2,2,1.0,4.01,0,0.010256410256410256
process_or_verify_transactional_artifacts,Operate nuclear systems,2,2,1.0,4.1,0,0.010256410256410256
process_or_verify_transactional_artifacts,Plan remediation projects,2,2,1.0,4.12,0,0.010256410256410256
process_or_verify_transactional_artifacts,Provide emergency medicine,2,1,1.0,4.82,0,0.010256410256410256
process_or_verify_transactional_artifacts,Serve academic governance,2,1,1.0,3.525,2,0.010256410256410256
process_or_verify_transactional_artifacts,Supervise field crews,2,2,1.0,3.665,0,0.010256410256410256
process_or_verify_transactional_artifacts,Analyze investment risk,1,1,0.5,,0,0.005128205128205128
process_or_verify_transactional_artifacts,Analyze laboratory samples,1,1,0.5,3.79,1,0.005128205128205128
process_or_verify_transactional_artifacts,Assess credit risk,1,1,0.5,4.76,0,0.005128205128205128
process_or_verify_transactional_artifacts,Assist patient care,1,1,0.5,4.92,1,0.005128205128205128
process_or_verify_transactional_artifacts,Build robotic systems,1,1,0.5,3.28,1,0.005128205128205128
process_or_verify_transactional_artifacts,Capture and edit images,1,1,0.5,3.83,0,0.005128205128205128
process_or_verify_transactional_artifacts,Conduct biological research,1,1,0.5,3.75,0,0.005128205128205128
process_or_verify_transactional_artifacts,Coordinate emergency response,1,1,0.5,3.45,0,0.005128205128205128
process_or_verify_transactional_artifacts,Coordinate production supply,1,1,0.5,4.12,0,0.005128205128205128
process_or_verify_transactional_artifacts,Deliver college instruction,1,1,0.5,3.85,0,0.005128205128205128
process_or_verify_transactional_artifacts,Direct media production,1,1,0.5,3.2,0,0.005128205128205128
process_or_verify_transactional_artifacts,Draft engineering plans,1,1,0.5,3.9,0,0.005128205128205128
process_or_verify_transactional_artifacts,Edit written content,1,1,0.5,4.02,1,0.005128205128205128
process_or_verify_transactional_artifacts,Enforce public safety,1,1,0.5,4.25,0,0.005128205128205128
process_or_verify_transactional_artifacts,Engineer aerospace systems,1,1,0.5,4.56,0,0.005128205128205128
process_or_verify_transactional_artifacts,Improve energy efficiency,1,1,0.5,2.94,0,0.005128205128205128
process_or_verify_transactional_artifacts,Improve production methods,1,1,0.5,3.42,0,0.005128205128205128
process_or_verify_transactional_artifacts,Improve soil systems,1,1,0.5,3.41,0,0.005128205128205128
process_or_verify_transactional_artifacts,Manage forest resources,1,1,0.5,3.28,0,0.005128205128205128
process_or_verify_transactional_artifacts,Manage regulatory submissions,1,1,0.5,4.33,0,0.005128205128205128
process_or_verify_transactional_artifacts,Manage sustainability initiatives,1,1,0.5,3.55,0,0.005128205128205128
process_or_verify_transactional_artifacts,Oversee engineering projects,1,1,0.5,3.64,1,0.005128205128205128
process_or_verify_transactional_artifacts,Plan marketing campaigns,1,1,0.5,3.84,0,0.005128205128205128
process_or_verify_transactional_artifacts,Plan transportation systems,1,1,0.5,4.32,1,0.005128205128205128
process_or_verify_transactional_artifacts,Provide animal care,1,1,0.5,4.46,0,0.005128205128205128
process_or_verify_transactional_artifacts,Provide dental care,1,1,0.5,4.18,0,0.005128205128205128
process_or_verify_transactional_artifacts,Provide manual treatment,1,1,0.5,4.84,0,0.005128205128205128
process_or_verify_transactional_artifacts,Provide nursing care,1,1,0.5,4.53,0,0.005128205128205128
process_or_verify_transactional_artifacts,Sell technical products,1,1,0.5,3.86,0,0.005128205128205128
process_or_verify_transactional_artifacts,Study water resources,1,1,0.5,3.35,0,0.005128205128205128
process_or_verify_transactional_artifacts,Supervise residential safety,1,1,0.5,3.73,0,0.005128205128205128
process_or_verify_transactional_artifacts,Support classroom learning,1,1,0.5,3.48,1,0.005128205128205128
process_or_verify_transactional_artifacts,Treat physical disability,1,1,0.5,3.71,1,0.005128205128205128
provide_treatment_or_therapy,Provide dental care,46,7,23.0,4.188478260869566,0,0.12849162011173185
provide_treatment_or_therapy,Provide emergency medicine,38,12,19.0,4.590833333333333,0,0.10614525139664804
provide_treatment_or_therapy,Provide animal care,21,3,10.5,4.467619047619047,0,0.05865921787709497
provide_treatment_or_therapy,Arrange funeral services,17,2,8.5,4.498823529411765,0,0.04748603351955307
provide_treatment_or_therapy,Assist patient care,15,3,7.5,4.423333333333333,2,0.04189944134078212
provide_treatment_or_therapy,Support anesthesia procedures,15,3,7.5,4.238666666666666,0,0.04189944134078212
provide_treatment_or_therapy,Deliver physical therapy,14,3,7.0,3.9614285714285713,5,0.03910614525139665
provide_treatment_or_therapy,Diagnose skin conditions,14,4,7.0,4.375,2,0.03910614525139665
provide_treatment_or_therapy,Manage anesthesia care,13,3,6.5,4.565384615384615,0,0.036312849162011177
provide_treatment_or_therapy,Provide nursing care,12,3,6.0,4.3500000000000005,1,0.0335195530726257
provide_treatment_or_therapy,Provide hair services,11,2,5.5,3.7790909090909093,0,0.030726256983240222
provide_treatment_or_therapy,Provide manual treatment,11,3,5.5,3.98,0,0.030726256983240222
provide_treatment_or_therapy,Provide maternity care,11,2,5.5,4.428181818181819,0,0.030726256983240222
provide_treatment_or_therapy,Assess cardiovascular function,9,3,4.5,4.6579999999999995,3,0.025139664804469275
provide_treatment_or_therapy,Deliver classroom instruction,9,6,4.5,4.2075000000000005,1,0.025139664804469275
provide_treatment_or_therapy,Diagnose vision conditions,9,3,4.5,4.62,0,0.025139664804469275
provide_treatment_or_therapy,Treat physical disability,8,3,4.0,4.1325,3,0.0223463687150838
provide_treatment_or_therapy,Lead specialty nursing,7,2,3.5,4.13,6,0.019553072625698324
provide_treatment_or_therapy,Assess neurological function,6,3,3.0,4.211666666666667,0,0.01675977653631285
provide_treatment_or_therapy,Deliver creative therapy,5,2,2.5,4.63,0,0.013966480446927373
provide_treatment_or_therapy,Deliver radiation treatment,5,3,2.5,4.7425,0,0.013966480446927373
provide_treatment_or_therapy,Diagnose psychiatric conditions,5,2,2.5,3.832,0,0.013966480446927373
provide_treatment_or_therapy,Dispense medications,5,1,2.5,4.43,0,0.013966480446927373
provide_treatment_or_therapy,Perform dance routines,5,1,2.5,4.4159999999999995,5,0.013966480446927373
provide_treatment_or_therapy,Perform eye diagnostics,5,2,2.5,4.42,0,0.013966480446927373
provide_treatment_or_therapy,Support rehabilitation therapy,5,3,2.5,4.302,0,0.013966480446927373
provide_treatment_or_therapy,Coordinate social services,4,3,2.0,3.8525,2,0.0111731843575419
provide_treatment_or_therapy,Provide behavioral counseling,4,2,2.0,4.7625,0,0.0111731843575419
provide_treatment_or_therapy,Inspect and investigate,3,3,1.5,4.613333333333333,0,0.008379888268156424
provide_treatment_or_therapy,Manage performer careers,3,1,1.5,3.85,0,0.008379888268156424
provide_treatment_or_therapy,Organize recreation activities,3,3,1.5,4.293333333333333,0,0.008379888268156424
provide_treatment_or_therapy,Support classroom learning,3,2,1.5,4.45,1,0.008379888268156424
provide_treatment_or_therapy,Assess hearing function,2,2,1.0,4.295,0,0.00558659217877095
provide_treatment_or_therapy,Coordinate wellness programs,2,2,1.0,4.29,0,0.00558659217877095
provide_treatment_or_therapy,Manage library services,2,1,1.0,4.33,2,0.00558659217877095
provide_treatment_or_therapy,Teach and develop courses,2,2,1.0,4.115,2,0.00558659217877095
provide_treatment_or_therapy,Advance genetics research,1,1,0.5,4.59,0,0.002793296089385475
provide_treatment_or_therapy,Assess speech disorders,1,1,0.5,4.69,0,0.002793296089385475
provide_treatment_or_therapy,Diagnose mental health,1,1,0.5,4.3,0,0.002793296089385475
provide_treatment_or_therapy,Enforce public safety,1,1,0.5,4.46,0,0.002793296089385475
provide_treatment_or_therapy,Lead visitor programs,1,1,0.5,3.4,0,0.002793296089385475
provide_treatment_or_therapy,Operate flight systems,1,1,0.5,4.21,0,0.002793296089385475
provide_treatment_or_therapy,Supervise field crews,1,1,0.5,4.24,0,0.002793296089385475
provide_treatment_or_therapy,Supervise residential safety,1,1,0.5,4.34,0,0.002793296089385475
provide_treatment_or_therapy,Support network systems,1,1,0.5,3.59,0,0.002793296089385475
serve_clients_or_public,Engage community outreach,47,26,23.5,3.23531914893617,6,0.06225165562913907
serve_clients_or_public,Advise students,33,25,16.5,3.9260606060606063,1,0.04370860927152318
serve_clients_or_public,Deliver classroom instruction,24,12,12.0,3.84304347826087,2,0.031788079470198675
serve_clients_or_public,Apply legal analysis,14,5,7.0,3.8964285714285714,0,0.018543046357615896
serve_clients_or_public,Arrange funeral services,13,4,6.5,4.236153846153846,0,0.017218543046357615
serve_clients_or_public,Assist patient care,13,3,6.5,3.94,6,0.017218543046357615
serve_clients_or_public,Broker real estate deals,13,3,6.5,4.0053846153846155,3,0.017218543046357615
serve_clients_or_public,Improve energy efficiency,13,11,6.5,3.9976923076923074,12,0.017218543046357615
serve_clients_or_public,Organize document systems,13,1,6.5,3.7961538461538464,13,0.017218543046357615
serve_clients_or_public,Translate and interpret,13,3,6.5,4.092307692307693,0,0.017218543046357615
serve_clients_or_public,Coordinate social services,12,4,6.0,3.9116666666666666,6,0.015894039735099338
serve_clients_or_public,Deliver radiation treatment,12,6,6.0,4.3925,0,0.015894039735099338
serve_clients_or_public,Administer compensation benefits,11,5,5.5,4.09,0,0.01456953642384106
serve_clients_or_public,Operate flight systems,11,4,5.5,4.173636363636363,0,0.01456953642384106
serve_clients_or_public,Process financial records,11,5,5.5,4.279999999999999,1,0.01456953642384106
serve_clients_or_public,Provide emergency medicine,11,8,5.5,4.441666666666666,0,0.01456953642384106
serve_clients_or_public,Direct organizational strategy,10,2,5.0,3.7359999999999998,0,0.013245033112582781
serve_clients_or_public,Evaluate insurance claims,10,4,5.0,3.728,0,0.013245033112582781
serve_clients_or_public,Investigate fraud,10,4,5.0,4.203,1,0.013245033112582781
serve_clients_or_public,Manage library services,10,3,5.0,4.046,1,0.013245033112582781
serve_clients_or_public,Sell technical products,10,2,5.0,4.004,0,0.013245033112582781
serve_clients_or_public,Adjudicate disputes,9,3,4.5,3.815555555555556,0,0.011920529801324504
serve_clients_or_public,Determine benefit eligibility,9,3,4.5,4.0811111111111105,0,0.011920529801324504
serve_clients_or_public,Evaluate loan applications,9,2,4.5,4.074285714285714,4,0.011920529801324504
serve_clients_or_public,Inspect and investigate,9,6,4.5,4.093333333333334,0,0.011920529801324504
serve_clients_or_public,Lead religious services,9,2,4.5,3.7933333333333334,0,0.011920529801324504
serve_clients_or_public,Manage health information,9,5,4.5,4.3825,0,0.011920529801324504
serve_clients_or_public,Plan marketing campaigns,9,3,4.5,3.88625,0,0.011920529801324504
serve_clients_or_public,Supervise field crews,9,6,4.5,4.05,0,0.011920529801324504
serve_clients_or_public,Assess cardiovascular function,8,4,4.0,4.6883333333333335,3,0.010596026490066225
serve_clients_or_public,Enforce public safety,8,1,4.0,3.995,0,0.010596026490066225
serve_clients_or_public,Edit written content,7,2,3.5,4.072857142857143,5,0.009271523178807948
serve_clients_or_public,Manage performer careers,7,2,3.5,4.218333333333334,0,0.009271523178807948
serve_clients_or_public,Raise charitable funds,7,3,3.5,3.7157142857142853,3,0.009271523178807948
serve_clients_or_public,Support classroom learning,7,4,3.5,4.032857142857143,4,0.009271523178807948
serve_clients_or_public,Teach postsecondary courses,7,2,3.5,3.3000000000000003,0,0.009271523178807948
serve_clients_or_public,Direct media production,6,3,3.0,3.6950000000000003,3,0.007947019867549669
serve_clients_or_public,Manage lodging operations,6,2,3.0,4.076666666666667,0,0.007947019867549669
serve_clients_or_public,Organize recreation activities,6,2,3.0,4.026666666666666,0,0.007947019867549669
serve_clients_or_public,Oversee engineering projects,6,3,3.0,3.611666666666667,2,0.007947019867549669
serve_clients_or_public,Plan transportation systems,6,4,3.0,3.998,4,0.007947019867549669
serve_clients_or_public,Produce news content,6,1,3.0,4.126666666666666,0,0.007947019867549669
serve_clients_or_public,Assess credit risk,5,2,2.5,3.836,0,0.006622516556291391
serve_clients_or_public,Coordinate wellness programs,5,3,2.5,3.5780000000000003,0,0.006622516556291391
serve_clients_or_public,Deliver business intelligence,5,2,2.5,3.782,0,0.006622516556291391
serve_clients_or_public,Diagnose skin conditions,5,3,2.5,3.656,4,0.006622516556291391
serve_clients_or_public,Dispense medications,5,3,2.5,4.086,0,0.006622516556291391
serve_clients_or_public,Install electrical wiring,5,4,2.5,4.066,0,0.006622516556291391
serve_clients_or_public,Manage aquatic operations,5,3,2.5,4.432,0,0.006622516556291391
serve_clients_or_public,Manage financial operations,5,3,2.5,4.068,0,0.006622516556291391
serve_clients_or_public,Manage funds,5,3,2.5,4.432,1,0.006622516556291391
serve_clients_or_public,Manage public relations,5,2,2.5,4.095,0,0.006622516556291391
serve_clients_or_public,Monitor compliance,5,3,2.5,3.992,0,0.006622516556291391
serve_clients_or_public,Provide behavioral counseling,5,2,2.5,4.058,0,0.006622516556291391
serve_clients_or_public,Provide maternity care,5,2,2.5,4.3,0,0.006622516556291391
serve_clients_or_public,Supervise residential safety,5,1,2.5,3.586,0,0.006622516556291391
serve_clients_or_public,Support network systems,5,3,2.5,3.776,0,0.006622516556291391
serve_clients_or_public,Analyze investment risk,4,2,2.0,,0,0.005298013245033113
serve_clients_or_public,Conduct scientific research,4,2,2.0,3.7025,0,0.005298013245033113
serve_clients_or_public,Conduct survey research,4,3,2.0,3.7225,2,0.005298013245033113
serve_clients_or_public,Coordinate study protocols,4,1,2.0,3.925,0,0.005298013245033113
serve_clients_or_public,Create crafted designs,4,3,2.0,3.685,0,0.005298013245033113
serve_clients_or_public,Curate historical records,4,3,2.0,3.9375,0,0.005298013245033113
serve_clients_or_public,Deliver college instruction,4,2,2.0,3.325,0,0.005298013245033113
serve_clients_or_public,Develop web applications,4,3,2.0,3.615,0,0.005298013245033113
serve_clients_or_public,Improve animal production,4,3,2.0,3.6325000000000003,0,0.005298013245033113
serve_clients_or_public,Lead visitor programs,4,2,2.0,4.05,0,0.005298013245033113
serve_clients_or_public,Manage regulatory submissions,4,2,2.0,3.98,0,0.005298013245033113
serve_clients_or_public,Operate nuclear systems,4,3,2.0,4.029999999999999,0,0.005298013245033113
serve_clients_or_public,Optimize manufacturing processes,4,2,2.0,3.5275,0,0.005298013245033113
serve_clients_or_public,Process customs clearance,4,3,2.0,4.025,2,0.005298013245033113
serve_clients_or_public,Provide academic tutoring,4,2,2.0,3.3200000000000003,0,0.005298013245033113
serve_clients_or_public,Run geothermal plants,4,3,2.0,4.0675,0,0.005298013245033113
serve_clients_or_public,Administer education programs,3,2,1.5,4.180000000000001,0,0.003973509933774834
serve_clients_or_public,Analyze laboratory samples,3,3,1.5,4.623333333333334,0,0.003973509933774834
serve_clients_or_public,Control product quality,3,3,1.5,3.9299999999999997,0,0.003973509933774834
serve_clients_or_public,Coordinate food preparation,3,2,1.5,3.013333333333333,0,0.003973509933774834
serve_clients_or_public,Design marine systems,3,2,1.5,3.77,0,0.003973509933774834
serve_clients_or_public,Design solar systems,3,1,1.5,4.423333333333333,0,0.003973509933774834
serve_clients_or_public,Install mechanical systems,3,2,1.5,4.276666666666666,3,0.003973509933774834
serve_clients_or_public,Lead specialty nursing,3,2,1.5,4.069999999999999,2,0.003973509933774834
serve_clients_or_public,Manage security operations,3,2,1.5,4.076666666666667,0,0.003973509933774834
serve_clients_or_public,Perform eye diagnostics,3,2,1.5,3.4233333333333333,0,0.003973509933774834
serve_clients_or_public,Process online orders,3,1,1.5,4.216666666666667,0,0.003973509933774834
serve_clients_or_public,Procure farm products,3,3,1.5,3.3800000000000003,0,0.003973509933774834
serve_clients_or_public,Produce media content,3,2,1.5,2.99,0,0.003973509933774834
serve_clients_or_public,Provide animal care,3,1,1.5,4.29,0,0.003973509933774834
serve_clients_or_public,Provide dental care,3,2,1.5,3.7433333333333336,0,0.003973509933774834
serve_clients_or_public,Provide hair services,3,2,1.5,4.123333333333333,0,0.003973509933774834
serve_clients_or_public,Provide manual treatment,3,2,1.5,4.026666666666666,0,0.003973509933774834
serve_clients_or_public,Provide nursing care,3,3,1.5,4.41,0,0.003973509933774834
serve_clients_or_public,Support anesthesia procedures,3,1,1.5,4.1499999999999995,0,0.003973509933774834
serve_clients_or_public,Trade securities,3,1,1.5,3.66,0,0.003973509933774834
serve_clients_or_public,Advance genetics research,2,1,1.0,4.3,0,0.0026490066225165563
serve_clients_or_public,Analyze economic trends,2,2,1.0,3.965,0,0.0026490066225165563
serve_clients_or_public,Coordinate curriculum improvement,2,1,1.0,3.8600000000000003,0,0.0026490066225165563
serve_clients_or_public,Coordinate logistics services,2,1,1.0,4.395,0,0.0026490066225165563
serve_clients_or_public,Deliver creative therapy,2,2,1.0,4.6899999999999995,0,0.0026490066225165563
serve_clients_or_public,Deliver physical therapy,2,2,1.0,4.35,1,0.0026490066225165563
serve_clients_or_public,Design electrical systems,2,2,1.0,3.7350000000000003,0,0.0026490066225165563
serve_clients_or_public,Develop building designs,2,2,1.0,4.109999999999999,0,0.0026490066225165563
serve_clients_or_public,Develop training programs,2,2,1.0,3.425,1,0.0026490066225165563
serve_clients_or_public,Draft engineering plans,2,1,1.0,3.505,0,0.0026490066225165563
serve_clients_or_public,Establish property boundaries,2,2,1.0,3.99,0,0.0026490066225165563
serve_clients_or_public,Evaluate student work,2,1,1.0,3.255,2,0.0026490066225165563
serve_clients_or_public,Improve soil systems,2,1,1.0,3.9050000000000002,0,0.0026490066225165563
serve_clients_or_public,Install telecom equipment,2,1,1.0,4.12,0,0.0026490066225165563
serve_clients_or_public,Manage administrative operations,2,2,1.0,3.87,1,0.0026490066225165563
serve_clients_or_public,Manage agricultural production,2,2,1.0,3.31,1,0.0026490066225165563
serve_clients_or_public,Manage anesthesia care,2,2,1.0,4.07,0,0.0026490066225165563
serve_clients_or_public,Manage construction projects,2,1,1.0,3.16,0,0.0026490066225165563
serve_clients_or_public,Manage sustainability initiatives,2,2,1.0,4.085,0,0.0026490066225165563
serve_clients_or_public,Protect information systems,2,2,1.0,3.66,0,0.0026490066225165563
serve_clients_or_public,Repair control systems,2,1,1.0,3.885,0,0.0026490066225165563
serve_clients_or_public,Serve academic governance,2,1,1.0,3.775,2,0.0026490066225165563
serve_clients_or_public,Study water resources,2,2,1.0,3.2,0,0.0026490066225165563
serve_clients_or_public,Support crop production,2,2,1.0,3.395,1,0.0026490066225165563
serve_clients_or_public,Teach and develop courses,2,2,1.0,3.3,0,0.0026490066225165563
serve_clients_or_public,Test automotive systems,2,1,1.0,4.29,0,0.0026490066225165563
serve_clients_or_public,Track logistics flow,2,1,1.0,3.9800000000000004,0,0.0026490066225165563
serve_clients_or_public,Treat physical disability,2,2,1.0,3.69,1,0.0026490066225165563
serve_clients_or_public,Administer databases,1,1,0.5,3.21,0,0.0013245033112582781
serve_clients_or_public,Analyze organizational problems,1,1,0.5,4.05,0,0.0013245033112582781
serve_clients_or_public,Analyze statistical data,1,1,0.5,4.29,0,0.0013245033112582781
serve_clients_or_public,Assess hearing function,1,1,0.5,3.77,0,0.0013245033112582781
serve_clients_or_public,Assess learner progress,1,1,0.5,3.91,0,0.0013245033112582781
serve_clients_or_public,Assess speech disorders,1,1,0.5,3.75,0,0.0013245033112582781
serve_clients_or_public,Capture and edit images,1,1,0.5,4.57,1,0.0013245033112582781
serve_clients_or_public,Conduct surveying work,1,1,0.5,3.83,0,0.0013245033112582781
serve_clients_or_public,Coordinate emergency response,1,1,0.5,3.86,0,0.0013245033112582781
serve_clients_or_public,Craft precious items,1,1,0.5,4.24,0,0.0013245033112582781
serve_clients_or_public,Create technical drawings,1,1,0.5,3.72,0,0.0013245033112582781
serve_clients_or_public,Design biomedical systems,1,1,0.5,3.56,0,0.0013245033112582781
serve_clients_or_public,Diagnose mental health,1,1,0.5,3.17,0,0.0013245033112582781
serve_clients_or_public,Diagnose psychiatric conditions,1,1,0.5,3.91,0,0.0013245033112582781
serve_clients_or_public,Diagnose vision conditions,1,1,0.5,4.54,0,0.0013245033112582781
serve_clients_or_public,Fabricate precision parts,1,1,0.5,3.29,0,0.0013245033112582781
serve_clients_or_public,Install piping systems,1,1,0.5,4.41,0,0.0013245033112582781
serve_clients_or_public,Investigate digital evidence,1,1,0.5,4.5,0,0.0013245033112582781
serve_clients_or_public,Maintain equipment,1,1,0.5,4.02,0,0.0013245033112582781
serve_clients_or_public,Manage IT operations,1,1,0.5,3.99,0,0.0013245033112582781
serve_clients_or_public,Manage workplace safety,1,1,0.5,3.38,0,0.0013245033112582781
serve_clients_or_public,Model water systems,1,1,0.5,3.68,0,0.0013245033112582781
serve_clients_or_public,Operate wind facilities,1,1,0.5,4.04,0,0.0013245033112582781
serve_clients_or_public,Optimize chemical processes,1,1,0.5,3.35,0,0.0013245033112582781
serve_clients_or_public,Optimize search visibility,1,1,0.5,2.75,0,0.0013245033112582781
serve_clients_or_public,Plan remediation projects,1,1,0.5,4.14,0,0.0013245033112582781
serve_clients_or_public,Support rehabilitation therapy,1,1,0.5,3.34,0,0.0013245033112582781
supervise_personnel,Teach and develop courses,48,27,24.0,3.9585416666666666,10,0.09108159392789374
supervise_personnel,Serve academic governance,39,27,19.5,3.6758974358974363,6,0.07400379506641366
supervise_personnel,Supervise field crews,33,10,16.5,3.978666666666667,0,0.06261859582542695
supervise_personnel,Deliver classroom instruction,24,13,12.0,3.8766666666666665,0,0.04554079696394687
supervise_personnel,Inspect and investigate,13,5,6.5,4.1825,0,0.024667931688804556
supervise_personnel,Provide emergency medicine,10,10,5.0,4.41875,0,0.018975332068311195
supervise_personnel,Direct media production,9,5,4.5,3.9175,1,0.017077798861480076
supervise_personnel,Improve energy efficiency,8,2,4.0,3.8275,8,0.015180265654648957
supervise_personnel,Manage administrative operations,7,3,3.5,3.98,2,0.013282732447817837
supervise_personnel,Manage lodging operations,7,3,3.5,3.9857142857142853,0,0.013282732447817837
supervise_personnel,Plan marketing campaigns,7,4,3.5,3.8000000000000003,1,0.013282732447817837
supervise_personnel,Administer education programs,6,2,3.0,3.9416666666666664,0,0.011385199240986717
supervise_personnel,Advise students,6,2,3.0,3.828333333333333,4,0.011385199240986717
supervise_personnel,Analyze laboratory samples,6,6,3.0,3.9450000000000003,1,0.011385199240986717
supervise_personnel,Arrange funeral services,6,4,3.0,4.076666666666667,0,0.011385199240986717
supervise_personnel,Manage funds,6,3,3.0,4.3133333333333335,1,0.011385199240986717
supervise_personnel,Manage projects,6,2,3.0,3.9133333333333336,0,0.011385199240986717
supervise_personnel,Raise charitable funds,6,3,3.0,4.041666666666667,3,0.011385199240986717
supervise_personnel,Teach postsecondary courses,6,2,3.0,3.723333333333333,0,0.011385199240986717
supervise_personnel,Coordinate wellness programs,5,3,2.5,3.818,0,0.009487666034155597
supervise_personnel,Curate historical records,5,4,2.5,3.8299999999999996,0,0.009487666034155597
supervise_personnel,Deliver college instruction,5,2,2.5,3.724,0,0.009487666034155597
supervise_personnel,Direct organizational strategy,5,2,2.5,3.9475,0,0.009487666034155597
supervise_personnel,Operate wind facilities,5,3,2.5,3.776,0,0.009487666034155597
supervise_personnel,Organize recreation activities,5,2,2.5,3.9539999999999997,0,0.009487666034155597
supervise_personnel,Oversee engineering projects,5,4,2.5,3.814,3,0.009487666034155597
supervise_personnel,Plan extraction operations,5,2,2.5,3.878,0,0.009487666034155597
supervise_personnel,Supervise residential safety,5,1,2.5,3.8519999999999994,0,0.009487666034155597
supervise_personnel,Administer compensation benefits,4,2,2.0,4.32,0,0.007590132827324478
supervise_personnel,Analyze organizational problems,4,3,2.0,3.3125,0,0.007590132827324478
supervise_personnel,Apply legal analysis,4,3,2.0,3.4225,0,0.007590132827324478
supervise_personnel,Conduct scientific research,4,2,2.0,3.9775,0,0.007590132827324478
supervise_personnel,Coordinate production supply,4,2,2.0,4.056666666666667,0,0.007590132827324478
supervise_personnel,Manage aquatic operations,4,1,2.0,3.5925,0,0.007590132827324478
supervise_personnel,Manage biofuel operations,4,2,2.0,4.3225,0,0.007590132827324478
supervise_personnel,Manage construction projects,4,3,2.0,3.795,0,0.007590132827324478
supervise_personnel,Provide behavioral counseling,4,4,2.0,3.88,1,0.007590132827324478
supervise_personnel,Provide nursing care,4,2,2.0,4.385,0,0.007590132827324478
supervise_personnel,Adjudicate disputes,3,2,1.5,4.263333333333333,0,0.0056925996204933585
supervise_personnel,Assess learner progress,3,1,1.5,3.48,0,0.0056925996204933585
supervise_personnel,Conduct survey research,3,3,1.5,3.716666666666667,0,0.0056925996204933585
supervise_personnel,Coordinate food preparation,3,1,1.5,3.9899999999999998,0,0.0056925996204933585
supervise_personnel,Coordinate social services,3,3,1.5,3.94,0,0.0056925996204933585
supervise_personnel,Create technical drawings,3,3,1.5,3.4933333333333336,0,0.0056925996204933585
supervise_personnel,Design marine systems,3,3,1.5,3.953333333333333,0,0.0056925996204933585
supervise_personnel,Develop building designs,3,2,1.5,4.056666666666667,0,0.0056925996204933585
supervise_personnel,Improve soil systems,3,2,1.5,3.1166666666666667,0,0.0056925996204933585
supervise_personnel,Lead religious services,3,2,1.5,3.8633333333333333,0,0.0056925996204933585
supervise_personnel,Lead specialty nursing,3,2,1.5,4.023333333333333,1,0.0056925996204933585
supervise_personnel,Manage IT operations,3,2,1.5,3.6233333333333335,0,0.0056925996204933585
supervise_personnel,Manage distribution operations,3,1,1.5,4.42,0,0.0056925996204933585
supervise_personnel,Manage financial operations,3,2,1.5,3.67,0,0.0056925996204933585
supervise_personnel,Manage forest resources,3,2,1.5,3.6333333333333333,0,0.0056925996204933585
supervise_personnel,Model water systems,3,2,1.5,3.7699999999999996,0,0.0056925996204933585
supervise_personnel,Operate flight systems,3,3,1.5,4.123333333333334,0,0.0056925996204933585
supervise_personnel,Operate nuclear systems,3,2,1.5,4.433333333333334,0,0.0056925996204933585
supervise_personnel,Optimize chemical processes,3,3,1.5,3.4766666666666666,0,0.0056925996204933585
supervise_personnel,Optimize manufacturing processes,3,3,1.5,3.5966666666666662,0,0.0056925996204933585
supervise_personnel,Provide nutrition counseling,3,2,1.5,3.83,0,0.0056925996204933585
supervise_personnel,Run geothermal plants,3,2,1.5,4.216666666666667,0,0.0056925996204933585
supervise_personnel,Study water resources,3,2,1.5,3.346666666666667,0,0.0056925996204933585
supervise_personnel,Advance nanoscale research,2,1,1.0,3.705,0,0.003795066413662239
supervise_personnel,Analyze statistical data,2,2,1.0,3.25,0,0.003795066413662239
supervise_personnel,Assess cardiovascular function,2,2,1.0,3.715,0,0.003795066413662239
supervise_personnel,Assess speech disorders,2,1,1.0,4.24,0,0.003795066413662239
supervise_personnel,Assist patient care,2,2,1.0,3.9050000000000002,2,0.003795066413662239
supervise_personnel,Broker real estate deals,2,2,1.0,4.325,1,0.003795066413662239
supervise_personnel,Capture and edit images,2,2,1.0,3.84,1,0.003795066413662239
supervise_personnel,Conduct biological research,2,2,1.0,4.225,0,0.003795066413662239
supervise_personnel,Control product quality,2,2,1.0,3.875,0,0.003795066413662239
supervise_personnel,Coordinate emergency response,2,1,1.0,3.8,0,0.003795066413662239
supervise_personnel,Deliver creative therapy,2,2,1.0,3.775,0,0.003795066413662239
supervise_personnel,Deliver radiation treatment,2,1,1.0,3.86,0,0.003795066413662239
supervise_personnel,Develop training programs,2,1,1.0,3.46,0,0.003795066413662239
supervise_personnel,Diagnose mental health,2,1,1.0,3.835,0,0.003795066413662239
supervise_personnel,Draft engineering plans,2,2,1.0,3.205,1,0.003795066413662239
supervise_personnel,Enforce public safety,2,2,1.0,3.9450000000000003,0,0.003795066413662239
supervise_personnel,Improve animal production,2,2,1.0,4.13,0,0.003795066413662239
supervise_personnel,Install piping systems,2,2,1.0,3.825,0,0.003795066413662239
supervise_personnel,Investigate fraud,2,2,1.0,4.3149999999999995,1,0.003795066413662239
supervise_personnel,Lead visitor programs,2,2,1.0,3.38,0,0.003795066413662239
supervise_personnel,Maintain equipment,2,2,1.0,3.1799999999999997,0,0.003795066413662239
supervise_personnel,Manage agricultural production,2,1,1.0,3.09,0,0.003795066413662239
supervise_personnel,Manage health information,2,2,1.0,3.84,0,0.003795066413662239
supervise_personnel,Manage performer careers,2,2,1.0,3.4,0,0.003795066413662239
supervise_personnel,Manage public relations,2,1,1.0,,0,0.003795066413662239
supervise_personnel,Manage security operations,2,2,1.0,3.85,0,0.003795066413662239
supervise_personnel,Plan transportation systems,2,2,1.0,3.665,1,0.003795066413662239
supervise_personnel,Procure farm products,2,2,1.0,3.8449999999999998,0,0.003795066413662239
supervise_personnel,Produce media content,2,2,1.0,3.575,0,0.003795066413662239
supervise_personnel,Produce news content,2,2,1.0,3.7,1,0.003795066413662239
supervise_personnel,Provide animal care,2,2,1.0,4.025,0,0.003795066413662239
supervise_personnel,Provide dental care,2,2,1.0,4.03,0,0.003795066413662239
supervise_personnel,Support classroom learning,2,2,1.0,4.515,1,0.003795066413662239
supervise_personnel,Support network systems,2,2,1.0,3.25,0,0.003795066413662239
supervise_personnel,Test material performance,2,1,1.0,3.825,0,0.003795066413662239
supervise_personnel,Advance academic research,1,1,0.5,3.87,1,0.0018975332068311196
supervise_personnel,Advance genetics research,1,1,0.5,4.48,0,0.0018975332068311196
supervise_personnel,Analyze bioinformatics data,1,1,0.5,3.5,0,0.0018975332068311196
supervise_personnel,Analyze investment risk,1,1,0.5,,0,0.0018975332068311196
supervise_personnel,Assess hearing function,1,1,0.5,4.14,0,0.0018975332068311196
supervise_personnel,Build robotic systems,1,1,0.5,3.76,0,0.0018975332068311196
supervise_personnel,Conduct surveying work,1,1,0.5,,0,0.0018975332068311196
supervise_personnel,Coordinate creative production,1,1,0.5,3.97,0,0.0018975332068311196
supervise_personnel,Coordinate curriculum improvement,1,1,0.5,4.51,0,0.0018975332068311196
supervise_personnel,Coordinate logistics services,1,1,0.5,4.0,0,0.0018975332068311196
supervise_personnel,Create crafted designs,1,1,0.5,3.96,0,0.0018975332068311196
supervise_personnel,Deliver physical therapy,1,1,0.5,4.62,0,0.0018975332068311196
supervise_personnel,Design biomedical systems,1,1,0.5,3.86,0,0.0018975332068311196
supervise_personnel,Design computer systems,1,1,0.5,3.74,0,0.0018975332068311196
supervise_personnel,Design electrical systems,1,1,0.5,3.43,0,0.0018975332068311196
supervise_personnel,Design solar systems,1,1,0.5,4.35,0,0.0018975332068311196
supervise_personnel,Determine benefit eligibility,1,1,0.5,3.86,0,0.0018975332068311196
supervise_personnel,Develop product designs,1,1,0.5,3.25,0,0.0018975332068311196
supervise_personnel,Diagnose psychiatric conditions,1,1,0.5,3.83,0,0.0018975332068311196
supervise_personnel,Diagnose skin conditions,1,1,0.5,3.61,1,0.0018975332068311196
supervise_personnel,Diagnose vision conditions,1,1,0.5,4.24,0,0.0018975332068311196
supervise_personnel,Dispense medications,1,1,0.5,3.86,0,0.0018975332068311196
supervise_personnel,Edit written content,1,1,0.5,3.75,0,0.0018975332068311196
supervise_personnel,Engineer aerospace systems,1,1,0.5,3.81,0,0.0018975332068311196
supervise_personnel,Establish property boundaries,1,1,0.5,4.23,0,0.0018975332068311196
supervise_personnel,Evaluate insurance claims,1,1,0.5,4.17,0,0.0018975332068311196
supervise_personnel,Evaluate loan applications,1,1,0.5,3.92,0,0.0018975332068311196
supervise_personnel,Evaluate student work,1,1,0.5,4.11,1,0.0018975332068311196
supervise_personnel,Improve production methods,1,1,0.5,3.59,0,0.0018975332068311196
supervise_personnel,Install electrical wiring,1,1,0.5,3.44,1,0.0018975332068311196
supervise_personnel,Install mechanical systems,1,1,0.5,4.39,0,0.0018975332068311196
supervise_personnel,Manage anesthesia care,1,1,0.5,3.99,0,0.0018975332068311196
supervise_personnel,Manage library services,1,1,0.5,4.06,0,0.0018975332068311196
supervise_personnel,Manage sustainability initiatives,1,1,0.5,4.22,0,0.0018975332068311196
supervise_personnel,Monitor compliance,1,1,0.5,3.76,0,0.0018975332068311196
supervise_personnel,Organize document systems,1,1,0.5,3.44,0,0.0018975332068311196
supervise_personnel,Perform dance routines,1,1,0.5,3.27,0,0.0018975332068311196
supervise_personnel,Perform eye diagnostics,1,1,0.5,4.11,0,0.0018975332068311196
supervise_personnel,Plan remediation projects,1,1,0.5,4.18,0,0.0018975332068311196
supervise_personnel,Provide academic tutoring,1,1,0.5,3.31,0,0.0018975332068311196
supervise_personnel,Provide hair services,1,1,0.5,4.38,0,0.0018975332068311196
supervise_personnel,Repair electromechanical systems,1,1,0.5,3.6,0,0.0018975332068311196
supervise_personnel,Repair mechanical equipment,1,1,0.5,3.36,1,0.0018975332068311196
supervise_personnel,Sell technical products,1,1,0.5,3.94,1,0.0018975332068311196
supervise_personnel,Support crop production,1,1,0.5,3.4,1,0.0018975332068311196
supervise_personnel,Support rehabilitation therapy,1,1,0.5,3.78,0,0.0018975332068311196
supervise_personnel,Test automotive systems,1,1,0.5,4.24,0,0.0018975332068311196
supervise_personnel,Track disease outbreaks,1,1,0.5,3.39,0,0.0018975332068311196
supervise_personnel,Track logistics flow,1,1,0.5,3.38,0,0.0018975332068311196
supervise_personnel,Trade securities,1,1,0.5,4.24,0,0.0018975332068311196
test_measure_or_calibrate,Perform eye diagnostics,21,2,10.5,4.429047619047619,0,0.08366533864541832
test_measure_or_calibrate,Install mechanical systems,15,4,7.5,4.144,6,0.05976095617529881
test_measure_or_calibrate,Install electrical wiring,11,6,5.5,4.118181818181818,2,0.043824701195219126
test_measure_or_calibrate,Repair mechanical equipment,11,5,5.5,4.06,8,0.043824701195219126
test_measure_or_calibrate,Deliver radiation treatment,9,4,4.5,4.275714285714286,0,0.035856573705179286
test_measure_or_calibrate,Repair control systems,9,1,4.5,3.718888888888889,0,0.035856573705179286
test_measure_or_calibrate,Manage aquatic operations,8,3,4.0,4.116666666666666,0,0.03187250996015936
test_measure_or_calibrate,Advance nanoscale research,7,2,3.5,3.8414285714285716,0,0.027888446215139442
test_measure_or_calibrate,Engineer aerospace systems,6,3,3.0,4.1866666666666665,0,0.02390438247011952
test_measure_or_calibrate,Operate nuclear systems,6,3,3.0,4.034000000000001,0,0.02390438247011952
test_measure_or_calibrate,Optimize chemical processes,6,4,3.0,3.7616666666666667,4,0.02390438247011952
test_measure_or_calibrate,Test automotive systems,6,3,3.0,4.1433333333333335,0,0.02390438247011952
test_measure_or_calibrate,Assess cardiovascular function,5,3,2.5,4.45,1,0.0199203187250996
test_measure_or_calibrate,Capture and edit images,5,2,2.5,4.306,0,0.0199203187250996
test_measure_or_calibrate,Fabricate precision parts,5,2,2.5,4.15,4,0.0199203187250996
test_measure_or_calibrate,Manage workplace safety,5,3,2.5,3.842,1,0.0199203187250996
test_measure_or_calibrate,Repair electromechanical systems,5,3,2.5,3.878,0,0.0199203187250996
test_measure_or_calibrate,Coordinate wellness programs,4,1,2.0,3.8525,0,0.01593625498007968
test_measure_or_calibrate,Deliver classroom instruction,4,4,2.0,3.865,1,0.01593625498007968
test_measure_or_calibrate,Draft engineering plans,4,2,2.0,3.77,2,0.01593625498007968
test_measure_or_calibrate,Install piping systems,4,2,2.0,4.206666666666667,0,0.01593625498007968
test_measure_or_calibrate,Study water resources,4,3,2.0,3.783333333333333,0,0.01593625498007968
test_measure_or_calibrate,Assess hearing function,3,1,1.5,4.716666666666667,0,0.01195219123505976
test_measure_or_calibrate,Deliver physical therapy,3,2,1.5,4.203333333333333,0,0.01195219123505976
test_measure_or_calibrate,Diagnose vision conditions,3,2,1.5,4.336666666666667,0,0.01195219123505976
test_measure_or_calibrate,Install telecom equipment,3,1,1.5,3.983333333333333,0,0.01195219123505976
test_measure_or_calibrate,Maintain equipment,3,2,1.5,4.166666666666667,0,0.01195219123505976
test_measure_or_calibrate,Operate wind facilities,3,2,1.5,3.7866666666666666,0,0.01195219123505976
test_measure_or_calibrate,Provide animal care,3,3,1.5,4.556666666666667,0,0.01195219123505976
test_measure_or_calibrate,Provide dental care,3,3,1.5,4.593333333333333,0,0.01195219123505976
test_measure_or_calibrate,Support network systems,3,2,1.5,3.603333333333333,0,0.01195219123505976
test_measure_or_calibrate,Treat physical disability,3,2,1.5,4.206666666666667,0,0.01195219123505976
test_measure_or_calibrate,Analyze earth systems,2,1,1.0,3.6550000000000002,0,0.00796812749003984
test_measure_or_calibrate,Conduct scientific research,2,2,1.0,3.58,0,0.00796812749003984
test_measure_or_calibrate,Design marine systems,2,1,1.0,4.09,0,0.00796812749003984
test_measure_or_calibrate,Dispense medications,2,2,1.0,4.5,0,0.00796812749003984
test_measure_or_calibrate,Inspect and investigate,2,2,1.0,4.205,0,0.00796812749003984
test_measure_or_calibrate,Manage anesthesia care,2,1,1.0,4.51,0,0.00796812749003984
test_measure_or_calibrate,Plan extraction operations,2,2,1.0,4.095000000000001,0,0.00796812749003984
test_measure_or_calibrate,Plan transportation systems,2,1,1.0,3.83,2,0.00796812749003984
test_measure_or_calibrate,Process financial records,2,2,1.0,4.35,0,0.00796812749003984
test_measure_or_calibrate,Produce media content,2,2,1.0,4.56,0,0.00796812749003984
test_measure_or_calibrate,Support crop production,2,2,1.0,3.75,1,0.00796812749003984
test_measure_or_calibrate,Administer compensation benefits,1,1,0.5,3.54,0,0.00398406374501992
test_measure_or_calibrate,Administer databases,1,1,0.5,3.15,0,0.00398406374501992
test_measure_or_calibrate,Advance genetics research,1,1,0.5,3.35,0,0.00398406374501992
test_measure_or_calibrate,Analyze laboratory samples,1,1,0.5,4.73,0,0.00398406374501992
test_measure_or_calibrate,Analyze remote sensing data,1,1,0.5,3.86,0,0.00398406374501992
test_measure_or_calibrate,Assess neurological function,1,1,0.5,4.82,0,0.00398406374501992
test_measure_or_calibrate,Assess speech disorders,1,1,0.5,3.61,0,0.00398406374501992
test_measure_or_calibrate,Build robotic systems,1,1,0.5,3.79,0,0.00398406374501992
test_measure_or_calibrate,Conduct biological research,1,1,0.5,3.0,0,0.00398406374501992
test_measure_or_calibrate,Control product quality,1,1,0.5,4.29,0,0.00398406374501992
test_measure_or_calibrate,Coordinate creative production,1,1,0.5,3.88,1,0.00398406374501992
test_measure_or_calibrate,Coordinate curriculum improvement,1,1,0.5,,0,0.00398406374501992
test_measure_or_calibrate,Coordinate social services,1,1,0.5,4.5,1,0.00398406374501992
test_measure_or_calibrate,Craft precious items,1,1,0.5,4.41,0,0.00398406374501992
test_measure_or_calibrate,Create technical drawings,1,1,0.5,4.11,0,0.00398406374501992
test_measure_or_calibrate,Curate historical records,1,1,0.5,4.24,0,0.00398406374501992
test_measure_or_calibrate,Deliver college instruction,1,1,0.5,4.17,1,0.00398406374501992
test_measure_or_calibrate,Design solar systems,1,1,0.5,4.46,0,0.00398406374501992
test_measure_or_calibrate,Diagnose psychiatric conditions,1,1,0.5,4.61,0,0.00398406374501992
test_measure_or_calibrate,Direct media production,1,1,0.5,4.0,0,0.00398406374501992
test_measure_or_calibrate,Establish property boundaries,1,1,0.5,3.93,0,0.00398406374501992
test_measure_or_calibrate,Evaluate student work,1,1,0.5,4.25,0,0.00398406374501992
test_measure_or_calibrate,Improve animal production,1,1,0.5,3.58,0,0.00398406374501992
test_measure_or_calibrate,Improve energy efficiency,1,1,0.5,4.04,0,0.00398406374501992
test_measure_or_calibrate,Improve production methods,1,1,0.5,,0,0.00398406374501992
test_measure_or_calibrate,Manage agricultural production,1,1,0.5,3.89,0,0.00398406374501992
test_measure_or_calibrate,Manage construction projects,1,1,0.5,3.71,0,0.00398406374501992
test_measure_or_calibrate,Manage security operations,1,1,0.5,3.89,0,0.00398406374501992
test_measure_or_calibrate,Monitor compliance,1,1,0.5,4.39,0,0.00398406374501992
test_measure_or_calibrate,Oversee engineering projects,1,1,0.5,4.21,0,0.00398406374501992
test_measure_or_calibrate,Process customs clearance,1,1,0.5,4.33,1,0.00398406374501992
test_measure_or_calibrate,Protect information systems,1,1,0.5,4.12,0,0.00398406374501992
test_measure_or_calibrate,Provide behavioral counseling,1,1,0.5,4.61,0,0.00398406374501992
test_measure_or_calibrate,Provide maternity care,1,1,0.5,4.32,0,0.00398406374501992
test_measure_or_calibrate,Run geothermal plants,1,1,0.5,4.18,0,0.00398406374501992
test_measure_or_calibrate,Supervise field crews,1,1,0.5,3.99,0,0.00398406374501992
test_measure_or_calibrate,Support anesthesia procedures,1,1,0.5,4.45,0,0.00398406374501992
test_measure_or_calibrate,Support rehabilitation therapy,1,1,0.5,3.67,0,0.00398406374501992
test_measure_or_calibrate,Test material performance,1,1,0.5,4.22,0,0.00398406374501992
train_or_instruct_people,Deliver classroom instruction,124,15,62.0,4.136101694915254,2,0.17222222222222222
train_or_instruct_people,Teach and develop courses,38,28,19.0,4.2231578947368416,10,0.05277777777777778
train_or_instruct_people,Improve energy efficiency,28,25,14.0,4.295357142857143,27,0.03888888888888889
train_or_instruct_people,Support classroom learning,23,4,11.5,4.144782608695652,9,0.03194444444444444
train_or_instruct_people,Coordinate wellness programs,20,4,10.0,4.069,0,0.027777777777777776
train_or_instruct_people,Supervise field crews,18,9,9.0,3.995,0,0.025
train_or_instruct_people,Inspect and investigate,16,6,8.0,4.16,0,0.022222222222222223
train_or_instruct_people,Diagnose vision conditions,15,5,7.5,4.3293333333333335,0,0.020833333333333332
train_or_instruct_people,Provide academic tutoring,13,2,6.5,4.134615384615385,0,0.018055555555555554
train_or_instruct_people,Support rehabilitation therapy,11,3,5.5,4.295454545454546,0,0.015277777777777777
train_or_instruct_people,Deliver radiation treatment,10,6,5.0,4.105714285714286,0,0.013888888888888888
train_or_instruct_people,Provide emergency medicine,10,7,5.0,3.892857142857143,0,0.013888888888888888
train_or_instruct_people,Assess learner progress,9,1,4.5,3.8855555555555554,0,0.0125
train_or_instruct_people,Deliver physical therapy,8,3,4.0,4.07625,1,0.011111111111111112
train_or_instruct_people,Advise students,7,3,3.5,3.865714285714286,1,0.009722222222222222
train_or_instruct_people,Assess neurological function,7,4,3.5,3.9828571428571427,0,0.009722222222222222
train_or_instruct_people,Assess speech disorders,7,2,3.5,4.168571428571428,0,0.009722222222222222
train_or_instruct_people,Deliver college instruction,7,3,3.5,4.457142857142857,1,0.009722222222222222
train_or_instruct_people,Develop training programs,7,3,3.5,4.2057142857142855,1,0.009722222222222222
train_or_instruct_people,Diagnose skin conditions,7,5,3.5,4.201428571428571,3,0.009722222222222222
train_or_instruct_people,Manage library services,7,3,3.5,3.8816666666666664,1,0.009722222222222222
train_or_instruct_people,Perform dance routines,7,3,3.5,4.01,1,0.009722222222222222
train_or_instruct_people,Treat physical disability,7,3,3.5,3.7142857142857144,4,0.009722222222222222
train_or_instruct_people,Administer compensation benefits,6,5,3.0,3.7133333333333334,0,0.008333333333333333
train_or_instruct_people,Assess cardiovascular function,6,4,3.0,4.165,4,0.008333333333333333
train_or_instruct_people,Operate flight systems,6,4,3.0,4.05,0,0.008333333333333333
train_or_instruct_people,Organize recreation activities,6,3,3.0,4.136666666666667,0,0.008333333333333333
train_or_instruct_people,Provide behavioral counseling,6,3,3.0,4.213333333333334,0,0.008333333333333333
train_or_instruct_people,Analyze organizational problems,5,4,2.5,3.3340000000000005,0,0.006944444444444444
train_or_instruct_people,Assess hearing function,5,2,2.5,4.398,0,0.006944444444444444
train_or_instruct_people,Control product quality,5,3,2.5,3.652,0,0.006944444444444444
train_or_instruct_people,Deliver creative therapy,5,2,2.5,3.7380000000000004,0,0.006944444444444444
train_or_instruct_people,Diagnose psychiatric conditions,5,2,2.5,4.287999999999999,0,0.006944444444444444
train_or_instruct_people,Dispense medications,5,2,2.5,3.992,0,0.006944444444444444
train_or_instruct_people,Evaluate student work,5,5,2.5,4.414,2,0.006944444444444444
train_or_instruct_people,Install electrical wiring,5,4,2.5,4.088,3,0.006944444444444444
train_or_instruct_people,Manage health information,5,3,2.5,3.69,0,0.006944444444444444
train_or_instruct_people,Manage performer careers,5,1,2.5,3.9375,0,0.006944444444444444
train_or_instruct_people,Provide dental care,5,4,2.5,4.464,0,0.006944444444444444
train_or_instruct_people,Provide nursing care,5,3,2.5,3.914,0,0.006944444444444444
train_or_instruct_people,Provide nutrition counseling,5,2,2.5,3.774,0,0.006944444444444444
train_or_instruct_people,Support network systems,5,4,2.5,3.376,0,0.006944444444444444
train_or_instruct_people,Teach postsecondary courses,5,2,2.5,4.074,0,0.006944444444444444
train_or_instruct_people,Translate and interpret,5,2,2.5,3.912,0,0.006944444444444444
train_or_instruct_people,Advance academic research,4,3,2.0,4.1225000000000005,4,0.005555555555555556
train_or_instruct_people,Analyze laboratory samples,4,4,2.0,3.7175000000000002,1,0.005555555555555556
train_or_instruct_people,Coordinate emergency response,4,2,2.0,3.815,0,0.005555555555555556
train_or_instruct_people,Investigate fraud,4,3,2.0,3.67,2,0.005555555555555556
train_or_instruct_people,Lead specialty nursing,4,1,2.0,4.085,0,0.005555555555555556
train_or_instruct_people,Lead visitor programs,4,2,2.0,3.9325,0,0.005555555555555556
train_or_instruct_people,Manage aquatic operations,4,3,2.0,4.1499999999999995,0,0.005555555555555556
train_or_instruct_people,Manage workplace safety,4,3,2.0,3.9975,1,0.005555555555555556
train_or_instruct_people,Optimize chemical processes,4,4,2.0,3.7824999999999998,1,0.005555555555555556
train_or_instruct_people,Plan marketing campaigns,4,2,2.0,3.4575,0,0.005555555555555556
train_or_instruct_people,Support crop production,4,3,2.0,3.4525,1,0.005555555555555556
train_or_instruct_people,Test material performance,4,2,2.0,3.6525,0,0.005555555555555556
train_or_instruct_people,Administer education programs,3,2,1.5,3.9766666666666666,0,0.004166666666666667
train_or_instruct_people,Analyze economic trends,3,2,1.5,3.793333333333333,2,0.004166666666666667
train_or_instruct_people,Analyze statistical data,3,3,1.5,3.7266666666666666,2,0.004166666666666667
train_or_instruct_people,Conduct scientific research,3,2,1.5,3.873333333333333,0,0.004166666666666667
train_or_instruct_people,Coordinate social services,3,3,1.5,4.053333333333334,1,0.004166666666666667
train_or_instruct_people,Curate historical records,3,3,1.5,3.4299999999999997,0,0.004166666666666667
train_or_instruct_people,Direct media production,3,2,1.5,3.8466666666666662,2,0.004166666666666667
train_or_instruct_people,Lead religious services,3,1,1.5,4.37,0,0.004166666666666667
train_or_instruct_people,Manage administrative operations,3,3,1.5,3.5066666666666664,0,0.004166666666666667
train_or_instruct_people,Manage anesthesia care,3,2,1.5,3.8000000000000003,0,0.004166666666666667
train_or_instruct_people,Manage lodging operations,3,2,1.5,4.136666666666667,0,0.004166666666666667
train_or_instruct_people,Perform eye diagnostics,3,2,1.5,4.083333333333333,0,0.004166666666666667
train_or_instruct_people,Provide manual treatment,3,2,1.5,3.7866666666666666,2,0.004166666666666667
train_or_instruct_people,Provide maternity care,3,1,1.5,4.216666666666666,0,0.004166666666666667
train_or_instruct_people,Repair electromechanical systems,3,2,1.5,3.5233333333333334,0,0.004166666666666667
train_or_instruct_people,Track disease outbreaks,3,2,1.5,3.75,0,0.004166666666666667
train_or_instruct_people,Adjudicate disputes,2,2,1.0,3.6900000000000004,0,0.002777777777777778
train_or_instruct_people,Administer databases,2,2,1.0,3.045,0,0.002777777777777778
train_or_instruct_people,Advance genetics research,2,2,1.0,3.5949999999999998,0,0.002777777777777778
train_or_instruct_people,Analyze bioinformatics data,2,2,1.0,3.005,0,0.002777777777777778
train_or_instruct_people,Arrange funeral services,2,2,1.0,3.795,0,0.002777777777777778
train_or_instruct_people,Assist patient care,2,2,1.0,4.05,2,0.002777777777777778
train_or_instruct_people,Build robotic systems,2,1,1.0,3.4450000000000003,0,0.002777777777777778
train_or_instruct_people,Conduct biological research,2,2,1.0,4.36,0,0.002777777777777778
train_or_instruct_people,Coordinate curriculum improvement,2,1,1.0,4.1,0,0.002777777777777778
train_or_instruct_people,Coordinate food preparation,2,1,1.0,4.015000000000001,0,0.002777777777777778
train_or_instruct_people,Coordinate study protocols,2,1,1.0,3.745,0,0.002777777777777778
train_or_instruct_people,Create technical drawings,2,1,1.0,2.8,0,0.002777777777777778
train_or_instruct_people,Deliver business intelligence,2,1,1.0,3.695,2,0.002777777777777778
train_or_instruct_people,Design biomedical systems,2,2,1.0,3.525,1,0.002777777777777778
train_or_instruct_people,Design computer systems,2,2,1.0,3.4050000000000002,0,0.002777777777777778
train_or_instruct_people,Design solar systems,2,2,1.0,3.925,0,0.002777777777777778
train_or_instruct_people,Enforce public safety,2,2,1.0,3.545,0,0.002777777777777778
train_or_instruct_people,Establish property boundaries,2,2,1.0,4.01,0,0.002777777777777778
train_or_instruct_people,Evaluate insurance claims,2,1,1.0,3.445,0,0.002777777777777778
train_or_instruct_people,Install mechanical systems,2,2,1.0,3.675,1,0.002777777777777778
train_or_instruct_people,Manage agricultural production,2,1,1.0,4.074999999999999,2,0.002777777777777778
train_or_instruct_people,Manage forest resources,2,2,1.0,3.23,0,0.002777777777777778
train_or_instruct_people,Manage public relations,2,2,1.0,4.14,0,0.002777777777777778
train_or_instruct_people,Manage regulatory submissions,2,2,1.0,3.4800000000000004,0,0.002777777777777778
train_or_instruct_people,Manage security operations,2,2,1.0,3.7,0,0.002777777777777778
train_or_instruct_people,Monitor compliance,2,2,1.0,4.1899999999999995,0,0.002777777777777778
train_or_instruct_people,Operate wind facilities,2,2,1.0,4.05,0,0.002777777777777778
train_or_instruct_people,Optimize manufacturing processes,2,1,1.0,3.3200000000000003,0,0.002777777777777778
train_or_instruct_people,Organize document systems,2,2,1.0,3.295,0,0.002777777777777778
train_or_instruct_people,Produce media content,2,2,1.0,3.4299999999999997,0,0.002777777777777778
train_or_instruct_people,Protect information systems,2,2,1.0,4.045,0,0.002777777777777778
train_or_instruct_people,Provide animal care,2,1,1.0,4.355,0,0.002777777777777778
train_or_instruct_people,Sell technical products,2,2,1.0,3.8550000000000004,1,0.002777777777777778
train_or_instruct_people,Support anesthesia procedures,2,1,1.0,3.8999999999999995,0,0.002777777777777778
train_or_instruct_people,Analyze earth systems,1,1,0.5,4.15,0,0.001388888888888889
train_or_instruct_people,Analyze remote sensing data,1,1,0.5,3.86,0,0.001388888888888889
train_or_instruct_people,Assess credit risk,1,1,0.5,3.76,0,0.001388888888888889
train_or_instruct_people,Broker real estate deals,1,1,0.5,2.85,0,0.001388888888888889
train_or_instruct_people,Conduct survey research,1,1,0.5,3.22,0,0.001388888888888889
train_or_instruct_people,Create crafted designs,1,1,0.5,2.99,0,0.001388888888888889
train_or_instruct_people,Create visual media,1,1,0.5,4.59,0,0.001388888888888889
train_or_instruct_people,Design electrical systems,1,1,0.5,3.69,0,0.001388888888888889
train_or_instruct_people,Design marine systems,1,1,0.5,4.56,0,0.001388888888888889
train_or_instruct_people,Design micro systems,1,1,0.5,3.21,0,0.001388888888888889
train_or_instruct_people,Determine benefit eligibility,1,1,0.5,3.6,0,0.001388888888888889
train_or_instruct_people,Develop photonic systems,1,1,0.5,3.41,0,0.001388888888888889
train_or_instruct_people,Develop web applications,1,1,0.5,3.63,0,0.001388888888888889
train_or_instruct_people,Diagnose mental health,1,1,0.5,3.54,0,0.001388888888888889
train_or_instruct_people,Direct organizational strategy,1,1,0.5,,0,0.001388888888888889
train_or_instruct_people,Edit written content,1,1,0.5,2.84,0,0.001388888888888889
train_or_instruct_people,Engage community outreach,1,1,0.5,2.39,0,0.001388888888888889
train_or_instruct_people,Engineer aerospace systems,1,1,0.5,4.04,0,0.001388888888888889
train_or_instruct_people,Evaluate loan applications,1,1,0.5,2.07,1,0.001388888888888889
train_or_instruct_people,Fabricate precision parts,1,1,0.5,2.2,1,0.001388888888888889
train_or_instruct_people,Improve animal production,1,1,0.5,3.62,0,0.001388888888888889
train_or_instruct_people,Improve soil systems,1,1,0.5,3.95,0,0.001388888888888889
train_or_instruct_people,Investigate digital evidence,1,1,0.5,4.27,0,0.001388888888888889
train_or_instruct_people,Maintain equipment,1,1,0.5,3.66,0,0.001388888888888889
train_or_instruct_people,Manage biofuel operations,1,1,0.5,4.04,0,0.001388888888888889
train_or_instruct_people,Manage construction projects,1,1,0.5,3.06,0,0.001388888888888889
train_or_instruct_people,Manage distribution operations,1,1,0.5,3.77,0,0.001388888888888889
train_or_instruct_people,Manage financial operations,1,1,0.5,3.47,0,0.001388888888888889
train_or_instruct_people,Manage funds,1,1,0.5,3.71,0,0.001388888888888889
train_or_instruct_people,Manage geospatial data,1,1,0.5,3.23,0,0.001388888888888889
train_or_instruct_people,Manage sustainability initiatives,1,1,0.5,3.19,0,0.001388888888888889
train_or_instruct_people,Operate nuclear systems,1,1,0.5,4.42,0,0.001388888888888889
train_or_instruct_people,Oversee engineering projects,1,1,0.5,3.53,0,0.001388888888888889
train_or_instruct_people,Plan remediation projects,1,1,0.5,3.08,0,0.001388888888888889
train_or_instruct_people,Plan transportation systems,1,1,0.5,3.9,1,0.001388888888888889
train_or_instruct_people,Process financial records,1,1,0.5,3.81,1,0.001388888888888889
train_or_instruct_people,Procure farm products,1,1,0.5,3.72,0,0.001388888888888889
train_or_instruct_people,Raise charitable funds,1,1,0.5,3.87,1,0.001388888888888889
train_or_instruct_people,Serve academic governance,1,1,0.5,3.57,1,0.001388888888888889
train_or_instruct_people,Trade securities,1,1,0.5,3.89,0,0.001388888888888889
write_research_or_analytic_reports,Advance academic research,33,31,16.5,4.092727272727273,5,0.0953757225433526
write_research_or_analytic_reports,Edit written content,13,4,6.5,4.291818181818182,1,0.03757225433526012
write_research_or_analytic_reports,Analyze statistical data,10,6,5.0,4.104,6,0.028901734104046242
write_research_or_analytic_reports,Deliver classroom instruction,9,9,4.5,3.643333333333333,1,0.02601156069364162
write_research_or_analytic_reports,Analyze economic trends,7,3,3.5,3.7657142857142856,3,0.02023121387283237
write_research_or_analytic_reports,Conduct survey research,6,4,3.0,4.3133333333333335,1,0.017341040462427744
write_research_or_analytic_reports,Curate historical records,6,4,3.0,3.6916666666666664,0,0.017341040462427744
write_research_or_analytic_reports,Produce news content,6,2,3.0,3.8966666666666665,0,0.017341040462427744
write_research_or_analytic_reports,Write grant proposals,6,6,3.0,3.7783333333333338,0,0.017341040462427744
write_research_or_analytic_reports,Improve animal production,5,5,2.5,4.07,2,0.014450867052023121
write_research_or_analytic_reports,Manage sustainability initiatives,5,3,2.5,3.8920000000000003,0,0.014450867052023121
write_research_or_analytic_reports,Oversee engineering projects,5,3,2.5,3.79,1,0.014450867052023121
write_research_or_analytic_reports,Study water resources,5,3,2.5,4.06,0,0.014450867052023121
write_research_or_analytic_reports,Adjudicate disputes,4,3,2.0,4.655,0,0.011560693641618497
write_research_or_analytic_reports,Administer compensation benefits,4,3,2.0,2.705,0,0.011560693641618497
write_research_or_analytic_reports,Analyze organizational problems,4,3,2.0,3.6875,0,0.011560693641618497
write_research_or_analytic_reports,Deliver business intelligence,4,3,2.0,4.154999999999999,2,0.011560693641618497
write_research_or_analytic_reports,Improve energy efficiency,4,4,2.0,4.085,2,0.011560693641618497
write_research_or_analytic_reports,Inspect and investigate,4,4,2.0,4.2675,0,0.011560693641618497
write_research_or_analytic_reports,Investigate fraud,4,4,2.0,4.6225000000000005,1,0.011560693641618497
write_research_or_analytic_reports,Manage funds,4,1,2.0,4.386666666666667,0,0.011560693641618497
write_research_or_analytic_reports,Manage library services,4,2,2.0,3.4875,1,0.011560693641618497
write_research_or_analytic_reports,Manage public relations,4,2,2.0,4.013333333333333,0,0.011560693641618497
write_research_or_analytic_reports,Organize document systems,4,2,2.0,3.99,2,0.011560693641618497
write_research_or_analytic_reports,Plan transportation systems,4,3,2.0,4.293333333333333,2,0.011560693641618497
write_research_or_analytic_reports,Protect information systems,4,2,2.0,3.71,0,0.011560693641618497
write_research_or_analytic_reports,Analyze investment risk,3,3,1.5,3.65,0,0.008670520231213872
write_research_or_analytic_reports,Analyze laboratory samples,3,3,1.5,4.116666666666667,1,0.008670520231213872
write_research_or_analytic_reports,Analyze remote sensing data,3,2,1.5,3.4633333333333334,0,0.008670520231213872
write_research_or_analytic_reports,Apply legal analysis,3,2,1.5,3.823333333333333,0,0.008670520231213872
write_research_or_analytic_reports,Assess cardiovascular function,3,2,1.5,4.654999999999999,1,0.008670520231213872
write_research_or_analytic_reports,Conduct biological research,3,2,1.5,4.326666666666667,0,0.008670520231213872
write_research_or_analytic_reports,Control product quality,3,3,1.5,4.109999999999999,0,0.008670520231213872
write_research_or_analytic_reports,Diagnose mental health,3,1,1.5,3.483333333333333,0,0.008670520231213872
write_research_or_analytic_reports,Diagnose skin conditions,3,2,1.5,3.8966666666666665,3,0.008670520231213872
write_research_or_analytic_reports,Draft engineering plans,3,3,1.5,3.936666666666667,1,0.008670520231213872
write_research_or_analytic_reports,Investigate digital evidence,3,2,1.5,4.75,0,0.008670520231213872
write_research_or_analytic_reports,Manage administrative operations,3,3,1.5,3.736666666666667,0,0.008670520231213872
write_research_or_analytic_reports,Monitor compliance,3,3,1.5,4.13,0,0.008670520231213872
write_research_or_analytic_reports,Operate nuclear systems,3,2,1.5,4.026666666666666,0,0.008670520231213872
write_research_or_analytic_reports,Plan marketing campaigns,3,3,1.5,3.5,1,0.008670520231213872
write_research_or_analytic_reports,Process financial records,3,3,1.5,4.026666666666666,1,0.008670520231213872
write_research_or_analytic_reports,Provide emergency medicine,3,3,1.5,4.003333333333333,0,0.008670520231213872
write_research_or_analytic_reports,Raise charitable funds,3,2,1.5,3.5400000000000005,0,0.008670520231213872
write_research_or_analytic_reports,Supervise field crews,3,3,1.5,3.94,0,0.008670520231213872
write_research_or_analytic_reports,Support crop production,3,3,1.5,3.8466666666666662,1,0.008670520231213872
write_research_or_analytic_reports,Test material performance,3,2,1.5,3.606666666666667,0,0.008670520231213872
write_research_or_analytic_reports,Track disease outbreaks,3,2,1.5,4.026666666666666,0,0.008670520231213872
write_research_or_analytic_reports,Administer education programs,2,2,1.0,3.35,0,0.005780346820809248
write_research_or_analytic_reports,Advance genetics research,2,2,1.0,4.495,0,0.005780346820809248
write_research_or_analytic_reports,Advance nanoscale research,2,2,1.0,3.7199999999999998,0,0.005780346820809248
write_research_or_analytic_reports,Analyze bioinformatics data,2,2,1.0,4.025,0,0.005780346820809248
write_research_or_analytic_reports,Analyze earth systems,2,2,1.0,4.085,0,0.005780346820809248
write_research_or_analytic_reports,Appraise property value,2,2,1.0,4.7,0,0.005780346820809248
write_research_or_analytic_reports,Assess neurological function,2,2,1.0,4.88,0,0.005780346820809248
write_research_or_analytic_reports,Conduct scientific research,2,2,1.0,4.23,0,0.005780346820809248
write_research_or_analytic_reports,Coordinate creative production,2,2,1.0,3.21,1,0.005780346820809248
write_research_or_analytic_reports,Coordinate production supply,2,2,1.0,3.24,0,0.005780346820809248
write_research_or_analytic_reports,Create technical drawings,2,2,1.0,2.89,0,0.005780346820809248
write_research_or_analytic_reports,Deliver radiation treatment,2,2,1.0,4.695,0,0.005780346820809248
write_research_or_analytic_reports,Design biomedical systems,2,2,1.0,4.33,1,0.005780346820809248
write_research_or_analytic_reports,Design computer systems,2,1,1.0,3.55,0,0.005780346820809248
write_research_or_analytic_reports,Develop training programs,2,1,1.0,4.4399999999999995,2,0.005780346820809248
write_research_or_analytic_reports,Diagnose vision conditions,2,1,1.0,3.7800000000000002,0,0.005780346820809248
write_research_or_analytic_reports,Manage biofuel operations,2,2,1.0,3.6100000000000003,0,0.005780346820809248
write_research_or_analytic_reports,Manage financial operations,2,2,1.0,3.61,0,0.005780346820809248
write_research_or_analytic_reports,Manage security operations,2,1,1.0,3.75,0,0.005780346820809248
write_research_or_analytic_reports,Manage workplace safety,2,2,1.0,4.07,1,0.005780346820809248
write_research_or_analytic_reports,Model water systems,2,2,1.0,3.575,0,0.005780346820809248
write_research_or_analytic_reports,Operate wind facilities,2,2,1.0,3.31,0,0.005780346820809248
write_research_or_analytic_reports,Optimize chemical processes,2,2,1.0,3.895,0,0.005780346820809248
write_research_or_analytic_reports,Optimize manufacturing processes,2,2,1.0,3.7199999999999998,0,0.005780346820809248
write_research_or_analytic_reports,Organize recreation activities,2,2,1.0,3.9650000000000003,0,0.005780346820809248
write_research_or_analytic_reports,Plan extraction operations,2,2,1.0,4.0,0,0.005780346820809248
write_research_or_analytic_reports,Plan remediation projects,2,2,1.0,3.755,0,0.005780346820809248
write_research_or_analytic_reports,Support rehabilitation therapy,2,2,1.0,4.609999999999999,0,0.005780346820809248
write_research_or_analytic_reports,Teach postsecondary courses,2,2,1.0,3.8600000000000003,0,0.005780346820809248
write_research_or_analytic_reports,Administer databases,1,1,0.5,3.95,0,0.002890173410404624
write_research_or_analytic_reports,Advise students,1,1,0.5,3.54,0,0.002890173410404624
write_research_or_analytic_reports,Assess credit risk,1,1,0.5,4.55,0,0.002890173410404624
write_research_or_analytic_reports,Assess hearing function,1,1,0.5,4.0,0,0.002890173410404624
write_research_or_analytic_reports,Assess industrial impacts,1,1,0.5,4.0,0,0.002890173410404624
write_research_or_analytic_reports,Assess learner progress,1,1,0.5,3.61,0,0.002890173410404624
write_research_or_analytic_reports,Assess speech disorders,1,1,0.5,4.62,0,0.002890173410404624
write_research_or_analytic_reports,Assist patient care,1,1,0.5,3.94,1,0.002890173410404624
write_research_or_analytic_reports,Build robotic systems,1,1,0.5,3.55,1,0.002890173410404624
write_research_or_analytic_reports,Coordinate emergency response,1,1,0.5,4.36,0,0.002890173410404624
write_research_or_analytic_reports,Coordinate logistics services,1,1,0.5,3.92,0,0.002890173410404624
write_research_or_analytic_reports,Coordinate study protocols,1,1,0.5,4.11,0,0.002890173410404624
write_research_or_analytic_reports,Coordinate wellness programs,1,1,0.5,3.65,0,0.002890173410404624
write_research_or_analytic_reports,Create visual media,1,1,0.5,3.48,0,0.002890173410404624
write_research_or_analytic_reports,Deliver college instruction,1,1,0.5,4.08,0,0.002890173410404624
write_research_or_analytic_reports,Deliver creative therapy,1,1,0.5,4.39,0,0.002890173410404624
write_research_or_analytic_reports,Design electrical systems,1,1,0.5,3.59,0,0.002890173410404624
write_research_or_analytic_reports,Design marine systems,1,1,0.5,3.72,0,0.002890173410404624
write_research_or_analytic_reports,Design micro systems,1,1,0.5,3.18,0,0.002890173410404624
write_research_or_analytic_reports,Determine benefit eligibility,1,1,0.5,3.61,0,0.002890173410404624
write_research_or_analytic_reports,Develop building designs,1,1,0.5,2.55,0,0.002890173410404624
write_research_or_analytic_reports,Develop photonic systems,1,1,0.5,3.7,0,0.002890173410404624
write_research_or_analytic_reports,Develop web applications,1,1,0.5,,0,0.002890173410404624
write_research_or_analytic_reports,Direct media production,1,1,0.5,3.91,0,0.002890173410404624
write_research_or_analytic_reports,Direct organizational strategy,1,1,0.5,4.17,0,0.002890173410404624
write_research_or_analytic_reports,Dispense medications,1,1,0.5,2.8,0,0.002890173410404624
write_research_or_analytic_reports,Enforce public safety,1,1,0.5,4.35,0,0.002890173410404624
write_research_or_analytic_reports,Engineer aerospace systems,1,1,0.5,3.83,0,0.002890173410404624
write_research_or_analytic_reports,Establish property boundaries,1,1,0.5,3.79,0,0.002890173410404624
write_research_or_analytic_reports,Evaluate insurance claims,1,1,0.5,3.7,0,0.002890173410404624
write_research_or_analytic_reports,Evaluate loan applications,1,1,0.5,3.39,0,0.002890173410404624
write_research_or_analytic_reports,Improve soil systems,1,1,0.5,4.24,0,0.002890173410404624
write_research_or_analytic_reports,Lead specialty nursing,1,1,0.5,3.05,0,0.002890173410404624
write_research_or_analytic_reports,Lead visitor programs,1,1,0.5,3.42,0,0.002890173410404624
write_research_or_analytic_reports,Manage IT operations,1,1,0.5,3.63,0,0.002890173410404624
write_research_or_analytic_reports,Manage aquatic operations,1,1,0.5,4.51,0,0.002890173410404624
write_research_or_analytic_reports,Manage health information,1,1,0.5,,0,0.002890173410404624
write_research_or_analytic_reports,Manage projects,1,1,0.5,4.0,0,0.002890173410404624
write_research_or_analytic_reports,Manage regulatory submissions,1,1,0.5,4.21,0,0.002890173410404624
write_research_or_analytic_reports,Process customs clearance,1,1,0.5,4.18,1,0.002890173410404624
write_research_or_analytic_reports,Process online orders,1,1,0.5,4.25,0,0.002890173410404624
write_research_or_analytic_reports,Produce media content,1,1,0.5,3.36,0,0.002890173410404624
write_research_or_analytic_reports,Provide behavioral counseling,1,1,0.5,3.19,0,0.002890173410404624
write_research_or_analytic_reports,Provide dental care,1,1,0.5,2.83,0,0.002890173410404624
write_research_or_analytic_reports,Provide nutrition counseling,1,1,0.5,3.0,0,0.002890173410404624
write_research_or_analytic_reports,Repair electromechanical systems,1,1,0.5,4.19,0,0.002890173410404624
write_research_or_analytic_reports,Run geothermal plants,1,1,0.5,3.61,0,0.002890173410404624
write_research_or_analytic_reports,Serve academic governance,1,1,0.5,3.74,1,0.002890173410404624
write_research_or_analytic_reports,Support classroom learning,1,1,0.5,4.05,1,0.002890173410404624
write_research_or_analytic_reports,Support network systems,1,1,0.5,3.89,0,0.002890173410404624
write_research_or_analytic_reports,Teach and develop courses,1,1,0.5,3.57,1,0.002890173410404624
write_research_or_analytic_reports,Test automotive systems,1,1,0.5,3.8,0,0.002890173410404624
write_research_or_analytic_reports,Track logistics flow,1,1,0.5,4.05,0,0.002890173410404624
write_research_or_analytic_reports,Trade securities,1,1,0.5,3.82,0,0.002890173410404624
